{"type":"FeatureCollection","features":[{"type":"Feature","geometry":{"type":"Point","coordinates":[-51.1459974,-30.1486618,0]},"properties":{"name":"CF Álvaro Difini","description":{"@type":"html","value":"Coordenadoria de Saúde: SUL<br>Distrito Sanitário: RESTINGA<br>CNES: 433594<br>Vínculo: HVN<br>Endereço: Rua Alvaro Difini, 520 - Bairro Restinga<br>Telefones: (51) 4076-5011 (WhatsApp) / 4076-5012 / 4076-5015 /  4076-5010 / 4076-5013<br>Horário de Atendimento: De segunda à sexta das 07h às 22h. Fechada para reunião  mensal 3ª quinta-ffeira das 13h às 15h.<br>Saúde Bucal: Unidade com Atendimento Odontológico<br>Hospital de Referência para Obstetria:: HMIPV<br>Longitude: -51.1459974<br>Latitude: -30.1486618"},"styleUrl":"#icon-1603-0288D1","icon-opacity":1,"icon-color":"#0288d1","icon-scale":1,"icon":"https://www.gstatic.com/mapspro/images/stock/503-wht-blank_maps.png","Coordenadoria de Saúde":"SUL","Distrito Sanitário":"RESTINGA","CNES":"433594.0","Vínculo":"HVN","Endereço":"Rua Alvaro Difini, 520 - Bairro Restinga","Telefones":"(51) 4076-5011 (WhatsApp) / 4076-5012 / 4076-5015 /  4076-5010 / 4076-5013","Horário de Atendimento":"De segunda à sexta das 07h às 22h. Fechada para reunião  mensal 3ª quinta-ffeira das 13h às 15h.","Saúde Bucal":"Unidade com Atendimento Odontológico","Hospital de Referência para Obstetria:":"HMIPV","Longitude":"-51.1459974","Latitude":"-30.1486618"}},{"type":"Feature","geometry":{"type":"Point","coordinates":[-51.1789192,-30.2109276,0]},"properties":{"name":"CF Belém Novo","description":{"@type":"html","value":"Coordenadoria de Saúde: SUL<br>Distrito Sanitário: EXTREMO SUL<br>CNES: 2264471<br>Vínculo: PROPRIA<br>Endereço: Rua Florêncio Farias,195 – Bairro Belém Novo<br>Telefones: (51) 3289-5723 (WhatsApp) / 3289-5723 recepção / 3289-6563 / 3289-6560 / 3289-6562<br>Horário de Atendimento: De segunda à sexta das 07h às 22h. Fechada para reunião para reunião mensal 2ª quinta-feira das 13h30 às 15h30.<br>Saúde Bucal: Unidade com Atendimento Odontológico<br>Hospital de Referência para Obstetria:: HMIPV<br>Longitude: -51.1789192<br>Latitude: -30.2109276"},"styleUrl":"#icon-1603-0288D1","icon-opacity":1,"icon-color":"#0288d1","icon-scale":1,"icon":"https://www.gstatic.com/mapspro/images/stock/503-wht-blank_maps.png","Coordenadoria de Saúde":"SUL","Distrito Sanitário":"EXTREMO SUL","CNES":"2264471.0","Vínculo":"PROPRIA","Endereço":"Rua Florêncio Farias,195 – Bairro Belém Novo","Telefones":"(51) 3289-5723 (WhatsApp) / 3289-5723 recepção / 3289-6563 / 3289-6560 / 3289-6562","Horário de Atendimento":"De segunda à sexta das 07h às 22h. Fechada para reunião para reunião mensal 2ª quinta-feira das 13h30 às 15h30.","Saúde Bucal":"Unidade com Atendimento Odontológico","Hospital de Referência para Obstetria:":"HMIPV","Longitude":"-51.1789192","Latitude":"-30.2109276"}},{"type":"Feature","geometry":{"type":"Point","coordinates":[-51.177143,-30.068174,0]},"properties":{"name":"CF Campo da Tuca","description":{"@type":"html","value":"Coordenadoria de Saúde: LESTE<br>Distrito Sanitário: PARTENON<br>CNES: 8006865<br>Vínculo: HDP<br>Endereço: R. Cel. José Rodrigues Sobral, 958 – Vila São João – Bairro Partenon.<br>Telefones: (51) 3289-5660 (WhatsApp) / 3289-5606 / 3289-5607<br>Horário de Atendimento: De segunda à sexta das 07h às 22h.<br>Saúde Bucal: Unidade com Atendimento Odontológico<br>Hospital de Referência para Obstetria:: HMIPV<br>Longitude: -51.177143<br>Latitude: -30.068174"},"styleUrl":"#icon-1603-0288D1","icon-opacity":1,"icon-color":"#0288d1","icon-scale":1,"icon":"https://www.gstatic.com/mapspro/images/stock/503-wht-blank_maps.png","Coordenadoria de Saúde":"LESTE","Distrito Sanitário":"PARTENON","CNES":"8006865.0","Vínculo":"HDP","Endereço":"R. Cel. José Rodrigues Sobral, 958 – Vila São João – Bairro Partenon.","Telefones":"(51) 3289-5660 (WhatsApp) / 3289-5606 / 3289-5607","Horário de Atendimento":"De segunda à sexta das 07h às 22h.","Saúde Bucal":"Unidade com Atendimento Odontológico","Hospital de Referência para Obstetria:":"HMIPV","Longitude":"-51.177143","Latitude":"-30.068174"}},{"type":"Feature","geometry":{"type":"Point","coordinates":[-51.1938056,-29.9930082,0]},"properties":{"name":"CF Diretor Pestana","description":{"@type":"html","value":"Coordenadoria de Saúde: NORTE<br>Distrito Sanitário: Fechada para reunião 4° quinta-feira do mês 14h as 16h<br>CNES: 2264374<br>Vínculo: SANTA CASA<br>Endereço: Rua Dona Teodora, 1016 - Bairro FARRAPOS<br>Telefones: (51) 3289-5665 (s/ whatsApp)<br>Horário de Atendimento: De segunda à sexta das 07h às 22h.<br>Saúde Bucal: Unidade com Atendimento Odontológico<br>Hospital de Referência para Obstetria:: HMIPV<br>Longitude: -51.1938056<br>Latitude: -29.9930082"},"styleUrl":"#icon-1603-0288D1","icon-opacity":1,"icon-color":"#0288d1","icon-scale":1,"icon":"https://www.gstatic.com/mapspro/images/stock/503-wht-blank_maps.png","Coordenadoria de Saúde":"NORTE","Distrito Sanitário":"Fechada para reunião 4° quinta-feira do mês 14h as 16h","CNES":"2264374.0","Vínculo":"SANTA CASA","Endereço":"Rua Dona Teodora, 1016 - Bairro FARRAPOS","Telefones":"(51) 3289-5665 (s/ whatsApp)","Horário de Atendimento":"De segunda à sexta das 07h às 22h.","Saúde Bucal":"Unidade com Atendimento Odontológico","Hospital de Referência para Obstetria:":"HMIPV","Longitude":"-51.1938056","Latitude":"-29.9930082"}},{"type":"Feature","geometry":{"type":"Point","coordinates":[-51.1778969,-30.0145153,0]},"properties":{"name":"CF IAPI","description":{"@type":"html","value":"Coordenadoria de Saúde: NORTE<br>Distrito Sanitário: NOROESTE<br>CNES: 6883303<br>Vínculo: PROPRIA<br>Endereço: Rua Três de Abril, 90 - Bairro Passo da Areia - Porto Alegre RS (Área 8, 9, 10, 11, 16)<br>Telefones: (51) 3289-3446 (WhatsApp) / 3289-3411 / 3289-3414 / 3289-3469<br>Horário de Atendimento: De segunda à sexta das 07h às 22h.<br>Saúde Bucal: Unidade com Atendimento Odontológico<br>Hospital de Referência para Obstetria:: CONCEIÇÃO<br>Longitude: -51.1778969<br>Latitude: -30.0145153"},"styleUrl":"#icon-1603-0288D1","icon-opacity":1,"icon-color":"#0288d1","icon-scale":1,"icon":"https://www.gstatic.com/mapspro/images/stock/503-wht-blank_maps.png","Coordenadoria de Saúde":"NORTE","Distrito Sanitário":"NOROESTE","CNES":"6883303.0","Vínculo":"PROPRIA","Endereço":"Rua Três de Abril, 90 - Bairro Passo da Areia - Porto Alegre RS (Área 8, 9, 10, 11, 16)","Telefones":"(51) 3289-3446 (WhatsApp) / 3289-3411 / 3289-3414 / 3289-3469","Horário de Atendimento":"De segunda à sexta das 07h às 22h.","Saúde Bucal":"Unidade com Atendimento Odontológico","Hospital de Referência para Obstetria:":"CONCEIÇÃO","Longitude":"-51.1778969","Latitude":"-30.0145153"}},{"type":"Feature","geometry":{"type":"Point","coordinates":[-51.1288147,-30.1434094,0]},"properties":{"name":"CF José Mauro Ceratti Lopes","description":{"@type":"html","value":"Coordenadoria de Saúde: SUL<br>Distrito Sanitário: RESTINGA<br>CNES: 2264404<br>Vínculo: HVN<br>Endereço: Estrada João Antonio da Silveira, 3330 – Bairro Restinga<br>Telefones: (51) 3289-5203 (WhatsApp) / 3289- 5201 / 3289-5202/32895205<br>Horário de Atendimento: De segunda à sexta das 07h às 22h. Fechada para reunião para reunião  mensal 2ª quinta-feira das 14h às 16h.<br>Saúde Bucal: Unidade com Atendimento Odontológico<br>Hospital de Referência para Obstetria:: HMIPV<br>Longitude: -51.1288147<br>Latitude: -30.1434094"},"styleUrl":"#icon-1603-0288D1","icon-opacity":1,"icon-color":"#0288d1","icon-scale":1,"icon":"https://www.gstatic.com/mapspro/images/stock/503-wht-blank_maps.png","Coordenadoria de Saúde":"SUL","Distrito Sanitário":"RESTINGA","CNES":"2264404.0","Vínculo":"HVN","Endereço":"Estrada João Antonio da Silveira, 3330 – Bairro Restinga","Telefones":"(51) 3289-5203 (WhatsApp) / 3289- 5201 / 3289-5202/32895205","Horário de Atendimento":"De segunda à sexta das 07h às 22h. Fechada para reunião para reunião  mensal 2ª quinta-feira das 14h às 16h.","Saúde Bucal":"Unidade com Atendimento Odontológico","Hospital de Referência para Obstetria:":"HMIPV","Longitude":"-51.1288147","Latitude":"-30.1434094"}},{"type":"Feature","geometry":{"type":"Point","coordinates":[-51.2164646,-30.0692158,0]},"properties":{"name":"CF Moab Caldas","description":{"@type":"html","value":"Coordenadoria de Saúde: OESTE<br>Distrito Sanitário: CRUZEIRO<br>CNES: 6883184<br>Vínculo: IB SAUDE<br>Endereço: Av. Moab Caldas, 400 - Bairro Santa Tereza<br>Telefones: (51) 3289-4070 (WhatsApp)<br>Horário de Atendimento: De segunda à sexta das 07h às 22h. Reunião de unidade (US fechada): MENSAL - 1ª quinta-feira do mês das 14 às 16h / Reunião de equipe (US aberta): QUINZENAL I: 1ª e 3ª terça-feira pela manhã II: 1ª e 3ª quinta-feira pela tarde III: 1ª e 3ª sexta-feira pela manhã IV: 1ª e 3ª quarta-feira pela tarde V: 1ª e 3ª terça-feira pela tarde VI: 1ª e 3ª segunda-feira pela tarde VII: 1ª  e 3ª sexta-feira pela tarde<br>Saúde Bucal: Unidade com Atendimento Odontológico<br>Hospital de Referência para Obstetria:: HCPA<br>Longitude: -51.2164646<br>Latitude: -30.0692158"},"styleUrl":"#icon-1603-0288D1","icon-opacity":1,"icon-color":"#0288d1","icon-scale":1,"icon":"https://www.gstatic.com/mapspro/images/stock/503-wht-blank_maps.png","Coordenadoria de Saúde":"OESTE","Distrito Sanitário":"CRUZEIRO","CNES":"6883184.0","Vínculo":"IB SAUDE","Endereço":"Av. Moab Caldas, 400 - Bairro Santa Tereza","Telefones":"(51) 3289-4070 (WhatsApp)","Horário de Atendimento":"De segunda à sexta das 07h às 22h. Reunião de unidade (US fechada): MENSAL - 1ª quinta-feira do mês das 14 às 16h / Reunião de equipe (US aberta): QUINZENAL I: 1ª e 3ª terça-feira pela manhã II: 1ª e 3ª quinta-feira pela tarde III: 1ª e 3ª sexta-feira pela manhã IV: 1ª e 3ª quarta-feira pela tarde V: 1ª e 3ª terça-feira pela tarde VI: 1ª e 3ª segunda-feira pela tarde VII: 1ª  e 3ª sexta-feira pela tarde","Saúde Bucal":"Unidade com Atendimento Odontológico","Hospital de Referência para Obstetria:":"HCPA","Longitude":"-51.2164646","Latitude":"-30.0692158"}},{"type":"Feature","geometry":{"type":"Point","coordinates":[-51.2138901,-30.0432459,0]},"properties":{"name":"CF Modelo","description":{"@type":"html","value":"Coordenadoria de Saúde: OESTE<br>Distrito Sanitário: CENTRO<br>CNES: 2264390<br>Vínculo: PROPRIA<br>Endereço: Av. Jerônimo de Ornelas, 55 - Bairro Santana<br>Telefones: (51) 3289-2555 (WhatsApp) / 3289-2557<br>Horário de Atendimento: De segunda à sexta das 07h às 22h.<br>Saúde Bucal: Unidade com Atendimento Odontológico<br>Hospital de Referência para Obstetria:: HCPA<br>Longitude: -51.2138901<br>Latitude: -30.0432459"},"styleUrl":"#icon-1603-0288D1","icon-opacity":1,"icon-color":"#0288d1","icon-scale":1,"icon":"https://www.gstatic.com/mapspro/images/stock/503-wht-blank_maps.png","Coordenadoria de Saúde":"OESTE","Distrito Sanitário":"CENTRO","CNES":"2264390.0","Vínculo":"PROPRIA","Endereço":"Av. Jerônimo de Ornelas, 55 - Bairro Santana","Telefones":"(51) 3289-2555 (WhatsApp) / 3289-2557","Horário de Atendimento":"De segunda à sexta das 07h às 22h.","Saúde Bucal":"Unidade com Atendimento Odontológico","Hospital de Referência para Obstetria:":"HCPA","Longitude":"-51.2138901","Latitude":"-30.0432459"}},{"type":"Feature","geometry":{"type":"Point","coordinates":[-51.1282582,-30.0391095,0]},"properties":{"name":"CF Morro Santana","description":{"@type":"html","value":"Coordenadoria de Saúde: LESTE<br>Distrito Sanitário: LESTE<br>CNES: 2237792<br>Vínculo: HDP<br>Endereço: Rua Marieta Menna Barreto, 210 - Bairro PROTASIO ALVES<br>Telefones: (51) 3289-5493 (WhatsApp) / 3289-5696 / 3289-8249<br>Horário de Atendimento: De segunda à sexta das 07h às 22h.<br>Saúde Bucal: Unidade com Atendimento Odontológico<br>Hospital de Referência para Obstetria:: CONCEIÇÃO<br>Longitude: -51.1282582<br>Latitude: -30.0391095"},"styleUrl":"#icon-1603-0288D1","icon-opacity":1,"icon-color":"#0288d1","icon-scale":1,"icon":"https://www.gstatic.com/mapspro/images/stock/503-wht-blank_maps.png","Coordenadoria de Saúde":"LESTE","Distrito Sanitário":"LESTE","CNES":"2237792.0","Vínculo":"HDP","Endereço":"Rua Marieta Menna Barreto, 210 - Bairro PROTASIO ALVES","Telefones":"(51) 3289-5493 (WhatsApp) / 3289-5696 / 3289-8249","Horário de Atendimento":"De segunda à sexta das 07h às 22h.","Saúde Bucal":"Unidade com Atendimento Odontológico","Hospital de Referência para Obstetria:":"CONCEIÇÃO","Longitude":"-51.1282582","Latitude":"-30.0391095"}},{"type":"Feature","geometry":{"type":"Point","coordinates":[-51.2000223,-30.0000182,0]},"properties":{"name":"CF Navegantes","description":{"@type":"html","value":"Coordenadoria de Saúde: NORTE<br>Distrito Sanitário: HUMAITA/NAVEGANTES<br>CNES: 2264331<br>Vínculo: SANTA CASA<br>Endereço: Av. Presidente Franklin Roosevelt, 5 - Bairro São Geraldo<br>Telefones: (51) 3289-8214 (WhatsApp) / 3289 8235 / 3289-5511<br>Horário de Atendimento: De segunda à sexta das 07h às 22h.<br>Saúde Bucal: Unidade com Atendimento Odontológico<br>Hospital de Referência para Obstetria:: HMIPV<br>Longitude: -51.2000223<br>Latitude: -30.0000182"},"styleUrl":"#icon-1603-0288D1","icon-opacity":1,"icon-color":"#0288d1","icon-scale":1,"icon":"https://www.gstatic.com/mapspro/images/stock/503-wht-blank_maps.png","Coordenadoria de Saúde":"NORTE","Distrito Sanitário":"HUMAITA/NAVEGANTES","CNES":"2264331.0","Vínculo":"SANTA CASA","Endereço":"Av. Presidente Franklin Roosevelt, 5 - Bairro São Geraldo","Telefones":"(51) 3289-8214 (WhatsApp) / 3289 8235 / 3289-5511","Horário de Atendimento":"De segunda à sexta das 07h às 22h.","Saúde Bucal":"Unidade com Atendimento Odontológico","Hospital de Referência para Obstetria:":"HMIPV","Longitude":"-51.2000223","Latitude":"-30.0000182"}},{"type":"Feature","geometry":{"type":"Point","coordinates":[-51.1784268,-30.0952137,0]},"properties":{"name":"CF Primeiro de Maio","description":{"@type":"html","value":"Coordenadoria de Saúde: OESTE<br>Distrito Sanitário: GLORIA<br>CNES: 2264986<br>Vínculo: IB SAUDE<br>Endereço: Av. Professor Oscar Pereira, 6199 - Bairro Cascata<br>Telefones: (51) 3289-5676 (WhatsApp) / 3289-5674<br>Horário de Atendimento: De segunda à sexta das 07h às 22h.<br>Saúde Bucal: Unidade com Atendimento Odontológico<br>Hospital de Referência para Obstetria:: HCPA<br>Longitude: -51.1784268<br>Latitude: -30.0952137"},"styleUrl":"#icon-1603-0288D1","icon-opacity":1,"icon-color":"#0288d1","icon-scale":1,"icon":"https://www.gstatic.com/mapspro/images/stock/503-wht-blank_maps.png","Coordenadoria de Saúde":"OESTE","Distrito Sanitário":"GLORIA","CNES":"2264986.0","Vínculo":"IB SAUDE","Endereço":"Av. Professor Oscar Pereira, 6199 - Bairro Cascata","Telefones":"(51) 3289-5676 (WhatsApp) / 3289-5674","Horário de Atendimento":"De segunda à sexta das 07h às 22h.","Saúde Bucal":"Unidade com Atendimento Odontológico","Hospital de Referência para Obstetria:":"HCPA","Longitude":"-51.1784268","Latitude":"-30.0952137"}},{"type":"Feature","geometry":{"type":"Point","coordinates":[-51.2324407,-30.0285444,0]},"properties":{"name":"CF Santa Marta","description":{"@type":"html","value":"Coordenadoria de Saúde: OESTE<br>Distrito Sanitário: CENTRO<br>CNES: 6883354<br>Vínculo: IB SAUDE<br>Endereço: Rua Capitão Montanha, 27 - Bairro Centro Histórico<br>Telefones: (51) 3289-2935 (WhatsApp)<br>Horário de Atendimento: De segunda à sexta das 07h às 22h.<br>Saúde Bucal: Unidade com Atendimento Odontológico<br>Hospital de Referência para Obstetria:: ISCM<br>Longitude: -51.2324407<br>Latitude: -30.0285444"},"styleUrl":"#icon-1603-0288D1","icon-opacity":1,"icon-color":"#0288d1","icon-scale":1,"icon":"https://www.gstatic.com/mapspro/images/stock/503-wht-blank_maps.png","Coordenadoria de Saúde":"OESTE","Distrito Sanitário":"CENTRO","CNES":"6883354.0","Vínculo":"IB SAUDE","Endereço":"Rua Capitão Montanha, 27 - Bairro Centro Histórico","Telefones":"(51) 3289-2935 (WhatsApp)","Horário de Atendimento":"De segunda à sexta das 07h às 22h.","Saúde Bucal":"Unidade com Atendimento Odontológico","Hospital de Referência para Obstetria:":"ISCM","Longitude":"-51.2324407","Latitude":"-30.0285444"}},{"type":"Feature","geometry":{"type":"Point","coordinates":[-51.2546587,-30.1111031,0]},"properties":{"name":"CF Tristeza","description":{"@type":"html","value":"Coordenadoria de Saúde: SUL<br>Distrito Sanitário: SUL<br>CNES: 2264595<br>Vínculo: HVN<br>Endereço: Av. Wenceslau Escobar, 2442 - Bairro Tristeza<br>Telefones: (51) 3289-5764 (WhatsApp) / 3289-5677 / 3289-5763<br>Horário de Atendimento: De segunda à sexta das 07h às 22h. Fechada para reunião mensal  2º quinta-feira das 14h às 16h.<br>Saúde Bucal: Unidade com Atendimento Odontológico<br>Hospital de Referência para Obstetria:: FEMINA<br>Longitude: -51.2546587<br>Latitude: -30.1111031"},"styleUrl":"#icon-1603-0288D1","icon-opacity":1,"icon-color":"#0288d1","icon-scale":1,"icon":"https://www.gstatic.com/mapspro/images/stock/503-wht-blank_maps.png","Coordenadoria de Saúde":"SUL","Distrito Sanitário":"SUL","CNES":"2264595.0","Vínculo":"HVN","Endereço":"Av. Wenceslau Escobar, 2442 - Bairro Tristeza","Telefones":"(51) 3289-5764 (WhatsApp) / 3289-5677 / 3289-5763","Horário de Atendimento":"De segunda à sexta das 07h às 22h. Fechada para reunião mensal  2º quinta-feira das 14h às 16h.","Saúde Bucal":"Unidade com Atendimento Odontológico","Hospital de Referência para Obstetria:":"FEMINA","Longitude":"-51.2546587","Latitude":"-30.1111031"}},{"type":"Feature","geometry":{"type":"Point","coordinates":[-51.2123296,-30.0899801,0]},"properties":{"name":"US Alto Erechim","description":{"@type":"html","value":"Coordenadoria de Saúde: SUL<br>Distrito Sanitário: CENTRO SUL<br>CNES: 2264943<br>Vínculo: HVN<br>Endereço: Rua Dr. Ney Cabral, 581 - Bairro Nonoai<br>Telefones: (51) 3289-2347 (WhatsApp)<br>Horário de Atendimento: De segunda à sexta das 08h às 17h. Fechada para reunião mensal  2º terça-feira das 15h as 17h.<br>Saúde Bucal: Unidade com Atendimento Odontológico<br>Hospital de Referência para Obstetria:: FEMINA<br>Longitude: -51.2123296<br>Latitude: -30.0899801"},"styleUrl":"#icon-1603-0288D1","icon-opacity":1,"icon-color":"#0288d1","icon-scale":1,"icon":"https://www.gstatic.com/mapspro/images/stock/503-wht-blank_maps.png","Coordenadoria de Saúde":"SUL","Distrito Sanitário":"CENTRO SUL","CNES":"2264943.0","Vínculo":"HVN","Endereço":"Rua Dr. Ney Cabral, 581 - Bairro Nonoai","Telefones":"(51) 3289-2347 (WhatsApp)","Horário de Atendimento":"De segunda à sexta das 08h às 17h. Fechada para reunião mensal  2º terça-feira das 15h as 17h.","Saúde Bucal":"Unidade com Atendimento Odontológico","Hospital de Referência para Obstetria:":"FEMINA","Longitude":"-51.2123296","Latitude":"-30.0899801"}},{"type":"Feature","geometry":{"type":"Point","coordinates":[-51.1913521,-30.074799,0]},"properties":{"name":"US Aparício Borges","description":{"@type":"html","value":"Coordenadoria de Saúde: OESTE<br>Distrito Sanitário: GLORIA<br>CNES: 2237288<br>Vínculo: IB SAUDE<br>Endereço: Rua São Miguel, 487 - Bairro Coronel Aparício Borges<br>Telefones: (51) 3289-5774 (WhatsApp) / (51) 3289-5773 / (51) 3289-8265<br>Horário de Atendimento: De segunda à sexta das 08h às 17h. Reunião de unidade (US fechada): MENSAL - 4ª quinta-feira do mês das 15 às 17h / Reunião de equipe (US aberta): MENSAL I: 1ª quinta-feira das 16 às 17h II: 2ª quinta-feira das 16 às 17h<br>Saúde Bucal: Unidade de Referência para Atendimento Odontológico: US Glória<br>Hospital de Referência para Obstetria:: HCPA<br>Longitude: -51.1913521<br>Latitude: -30.074799"},"styleUrl":"#icon-1603-0288D1","icon-opacity":1,"icon-color":"#0288d1","icon-scale":1,"icon":"https://www.gstatic.com/mapspro/images/stock/503-wht-blank_maps.png","Coordenadoria de Saúde":"OESTE","Distrito Sanitário":"GLORIA","CNES":"2237288.0","Vínculo":"IB SAUDE","Endereço":"Rua São Miguel, 487 - Bairro Coronel Aparício Borges","Telefones":"(51) 3289-5774 (WhatsApp) / (51) 3289-5773 / (51) 3289-8265","Horário de Atendimento":"De segunda à sexta das 08h às 17h. Reunião de unidade (US fechada): MENSAL - 4ª quinta-feira do mês das 15 às 17h / Reunião de equipe (US aberta): MENSAL I: 1ª quinta-feira das 16 às 17h II: 2ª quinta-feira das 16 às 17h","Saúde Bucal":"Unidade de Referência para Atendimento Odontológico: US Glória","Hospital de Referência para Obstetria:":"HCPA","Longitude":"-51.1913521","Latitude":"-30.074799"}},{"type":"Feature","geometry":{"type":"Point","coordinates":[-51.121149,-29.9841685,0]},"properties":{"name":"US Asa Branca","description":{"@type":"html","value":"Coordenadoria de Saúde: NORTE<br>Distrito Sanitário: NORTE<br>CNES: 2264617<br>Vínculo: SANTA CASA<br>Endereço: Rua 25 de Outubro, 318 - Bairro Sarandi<br>Telefones: (51) 3356-3479 (WhatsApp) / 3289-5657 / 3289-5656<br>Horário de Atendimento: De segunda à sexta das 08h às 12h e das 13h às 17h.<br>Saúde Bucal: Unidade de Referência para Atendimento Odontológico: US Sarandi<br>Hospital de Referência para Obstetria:: CONCEIÇÃO<br>Longitude: -51.121149<br>Latitude: -29.9841685"},"styleUrl":"#icon-1603-0288D1","icon-opacity":1,"icon-color":"#0288d1","icon-scale":1,"icon":"https://www.gstatic.com/mapspro/images/stock/503-wht-blank_maps.png","Coordenadoria de Saúde":"NORTE","Distrito Sanitário":"NORTE","CNES":"2264617.0","Vínculo":"SANTA CASA","Endereço":"Rua 25 de Outubro, 318 - Bairro Sarandi","Telefones":"(51) 3356-3479 (WhatsApp) / 3289-5657 / 3289-5656","Horário de Atendimento":"De segunda à sexta das 08h às 12h e das 13h às 17h.","Saúde Bucal":"Unidade de Referência para Atendimento Odontológico: US Sarandi","Hospital de Referência para Obstetria:":"CONCEIÇÃO","Longitude":"-51.121149","Latitude":"-29.9841685"}},{"type":"Feature","geometry":{"type":"Point","coordinates":[-51.1284662,-29.9935692,0]},"properties":{"name":"US Assis Brasil","description":{"@type":"html","value":"Coordenadoria de Saúde: NORTE<br>Distrito Sanitário: NORTE<br>CNES: 2237245<br>Vínculo: SANTA CASA<br>Endereço: Av. Assis Brasil, 6615 - Bairro Sarandi<br>Telefones: (51) 3289-5662 (WhatsApp)/ (51) 3289-2349<br>Horário de Atendimento: De segunda à sexta das 07h às 19h.<br>Saúde Bucal: Unidade com Atendimento Odontológico<br>Hospital de Referência para Obstetria:: CONCEIÇÃO<br>Longitude: -51.1284662<br>Latitude: -29.9935692"},"styleUrl":"#icon-1603-0288D1","icon-opacity":1,"icon-color":"#0288d1","icon-scale":1,"icon":"https://www.gstatic.com/mapspro/images/stock/503-wht-blank_maps.png","Coordenadoria de Saúde":"NORTE","Distrito Sanitário":"NORTE","CNES":"2237245.0","Vínculo":"SANTA CASA","Endereço":"Av. Assis Brasil, 6615 - Bairro Sarandi","Telefones":"(51) 3289-5662 (WhatsApp)/ (51) 3289-2349","Horário de Atendimento":"De segunda à sexta das 07h às 19h.","Saúde Bucal":"Unidade com Atendimento Odontológico","Hospital de Referência para Obstetria:":"CONCEIÇÃO","Longitude":"-51.1284662","Latitude":"-29.9935692"}},{"type":"Feature","geometry":{"type":"Point","coordinates":[-51.1867827,-30.0652334,0]},"properties":{"name":"US Bananeiras","description":{"@type":"html","value":"Coordenadoria de Saúde: LESTE<br>Distrito Sanitário: PARTENON<br>CNES: 2237369<br>Vínculo: PROPRIA<br>Endereço: Av. Coronel Aparício Borges, 2494 - Bairro Coronel Aparício Borges<br>Telefones: (51) 3289-8227 (WhatsApp) / 3289-8228 /3289-8229<br>Horário de Atendimento: De segunda à sexta das 07h às 19h. Fechada para Reunião de Unidade 3° quinta feira do mês das 11h a 13h<br>Saúde Bucal: Unidade com Atendimento Odontológico<br>Hospital de Referência para Obstetria:: HMIPV<br>Longitude: -51.1867827<br>Latitude: -30.0652334"},"styleUrl":"#icon-1603-0288D1","icon-opacity":1,"icon-color":"#0288d1","icon-scale":1,"icon":"https://www.gstatic.com/mapspro/images/stock/503-wht-blank_maps.png","Coordenadoria de Saúde":"LESTE","Distrito Sanitário":"PARTENON","CNES":"2237369.0","Vínculo":"PROPRIA","Endereço":"Av. Coronel Aparício Borges, 2494 - Bairro Coronel Aparício Borges","Telefones":"(51) 3289-8227 (WhatsApp) / 3289-8228 /3289-8229","Horário de Atendimento":"De segunda à sexta das 07h às 19h. Fechada para Reunião de Unidade 3° quinta feira do mês das 11h a 13h","Saúde Bucal":"Unidade com Atendimento Odontológico","Hospital de Referência para Obstetria:":"HMIPV","Longitude":"-51.1867827","Latitude":"-30.0652334"}},{"type":"Feature","geometry":{"type":"Point","coordinates":[-51.1576033,-30.0353109,0]},"properties":{"name":"US Barão de Bagé","description":{"@type":"html","value":"Coordenadoria de Saúde: LESTE<br>Distrito Sanitário: LESTE<br>CNES: 2265141<br>Vínculo: GHC<br>Endereço: Rua Araruama, 487 - Bairro Vila Jardim<br>Telefones: (51) 3345-1503 (WhatsApp) / 3334-7196 / (51) 3357-2476<br>Horário de Atendimento: De segunda à sexta das 07h às 20h. Fechada para reunião de equipe semanal quarta-feira das 12h às 14h.<br>Saúde Bucal: Unidade com Atendimento Odontológico<br>Hospital de Referência para Obstetria:: CONCEIÇÃO<br>Longitude: -51.1576033<br>Latitude: -30.0353109"},"styleUrl":"#icon-1603-0288D1","icon-opacity":1,"icon-color":"#0288d1","icon-scale":1,"icon":"https://www.gstatic.com/mapspro/images/stock/503-wht-blank_maps.png","Coordenadoria de Saúde":"LESTE","Distrito Sanitário":"LESTE","CNES":"2265141.0","Vínculo":"GHC","Endereço":"Rua Araruama, 487 - Bairro Vila Jardim","Telefones":"(51) 3345-1503 (WhatsApp) / 3334-7196 / (51) 3357-2476","Horário de Atendimento":"De segunda à sexta das 07h às 20h. Fechada para reunião de equipe semanal quarta-feira das 12h às 14h.","Saúde Bucal":"Unidade com Atendimento Odontológico","Hospital de Referência para Obstetria:":"CONCEIÇÃO","Longitude":"-51.1576033","Latitude":"-30.0353109"}},{"type":"Feature","geometry":{"type":"Point","coordinates":[-51.1040056,-30.0279093,0]},"properties":{"name":"US Batista Flores","description":{"@type":"html","value":"Coordenadoria de Saúde: LESTE<br>Distrito Sanitário: NORDESTE<br>CNES: 2264900<br>Vínculo: HDP<br>Endereço: Av. Serafin Machado, 215 - Vila Batista Flores, Bairro Mario Quintana<br>Telefones: (51) 32895614 (WhatsApp)<br>Horário de Atendimento: De segunda à sexta das 08h às 12h e das 13h às 17h. Fechada para Reunião de Unidade ultima quinta feira do mês das 15h as 17h<br>Saúde Bucal: Unidade de Referência para Atendimento Odontológico: US Wenceslau Fontoura<br>Hospital de Referência para Obstetria:: CONCEIÇÃO<br>Longitude: -51.1040056<br>Latitude: -30.0279093"},"styleUrl":"#icon-1603-0288D1","icon-opacity":1,"icon-color":"#0288d1","icon-scale":1,"icon":"https://www.gstatic.com/mapspro/images/stock/503-wht-blank_maps.png","Coordenadoria de Saúde":"LESTE","Distrito Sanitário":"NORDESTE","CNES":"2264900.0","Vínculo":"HDP","Endereço":"Av. Serafin Machado, 215 - Vila Batista Flores, Bairro Mario Quintana","Telefones":"(51) 32895614 (WhatsApp)","Horário de Atendimento":"De segunda à sexta das 08h às 12h e das 13h às 17h. Fechada para Reunião de Unidade ultima quinta feira do mês das 15h as 17h","Saúde Bucal":"Unidade de Referência para Atendimento Odontológico: US Wenceslau Fontoura","Hospital de Referência para Obstetria:":"CONCEIÇÃO","Longitude":"-51.1040056","Latitude":"-30.0279093"}},{"type":"Feature","geometry":{"type":"Point","coordinates":[-51.199212,-30.154824,0]},"properties":{"name":"US Beco do Adelar","description":{"@type":"html","value":"Coordenadoria de Saúde: SUL<br>Distrito Sanitário: SUL<br>CNES: 2264463<br>Vínculo: HVN<br>Endereço: Av. Juca Batista, 3480 - Bairro: aberta dos Morros<br>Telefones: (51) 3289-5690 (WhatsApp) / 3289-5554 / 3289-5689<br>Horário de Atendimento: De segunda à sexta das 07h às 19h. Fechada para reunião  mensal 3ª quinta-feira das 14h às 16h.<br>Saúde Bucal: Unidade com Atendimento Odontológico<br>Hospital de Referência para Obstetria:: FEMINA<br>Longitude: -51.199212<br>Latitude: -30.154824"},"styleUrl":"#icon-1603-0288D1","icon-opacity":1,"icon-color":"#0288d1","icon-scale":1,"icon":"https://www.gstatic.com/mapspro/images/stock/503-wht-blank_maps.png","Coordenadoria de Saúde":"SUL","Distrito Sanitário":"SUL","CNES":"2264463.0","Vínculo":"HVN","Endereço":"Av. Juca Batista, 3480 - Bairro: aberta dos Morros","Telefones":"(51) 3289-5690 (WhatsApp) / 3289-5554 / 3289-5689","Horário de Atendimento":"De segunda à sexta das 07h às 19h. Fechada para reunião  mensal 3ª quinta-feira das 14h às 16h.","Saúde Bucal":"Unidade com Atendimento Odontológico","Hospital de Referência para Obstetria:":"FEMINA","Longitude":"-51.199212","Latitude":"-30.154824"}},{"type":"Feature","geometry":{"type":"Point","coordinates":[-51.1294433,-30.0283553,0]},"properties":{"name":"US Beco dos Coqueiros","description":{"@type":"html","value":"Coordenadoria de Saúde: NORTE<br>Distrito Sanitário: EIXO BALTAZAR<br>CNES: 2264218<br>Vínculo: SANTA CASA<br>Endereço: Rua Jardim da Vitória, 35 - Bairro Passo das Pedras<br>Telefones: (51) 3289-5625 (WhatsApp) / 32895624<br>Horário de Atendimento: De segunda à sexta das 08h às 12h e das 13h às 17h.<br>Saúde Bucal: Unidade de Referência para Atendimento Odontológico: US Domênico Feoli<br>Hospital de Referência para Obstetria:: CONCEIÇÃO<br>Longitude: -51.1294433<br>Latitude: -30.0283553"},"styleUrl":"#icon-1603-0288D1","icon-opacity":1,"icon-color":"#0288d1","icon-scale":1,"icon":"https://www.gstatic.com/mapspro/images/stock/503-wht-blank_maps.png","Coordenadoria de Saúde":"NORTE","Distrito Sanitário":"EIXO BALTAZAR","CNES":"2264218.0","Vínculo":"SANTA CASA","Endereço":"Rua Jardim da Vitória, 35 - Bairro Passo das Pedras","Telefones":"(51) 3289-5625 (WhatsApp) / 32895624","Horário de Atendimento":"De segunda à sexta das 08h às 12h e das 13h às 17h.","Saúde Bucal":"Unidade de Referência para Atendimento Odontológico: US Domênico Feoli","Hospital de Referência para Obstetria:":"CONCEIÇÃO","Longitude":"-51.1294433","Latitude":"-30.0283553"}},{"type":"Feature","geometry":{"type":"Point","coordinates":[-51.1537205,-30.0431585,0]},"properties":{"name":"US Bom Jesus","description":{"@type":"html","value":"Coordenadoria de Saúde: LESTE<br>Distrito Sanitário: LESTE<br>CNES: 6883257<br>Vínculo: HDP<br>Endereço: Rua Bom Jesus, 410 - Bairro Bom Jesus<br>Telefones: (51) 3289 5431 (WhatsApp) / 3289-5438<br>Horário de Atendimento: De segunda à sexta das 07h às 19h. Fechada para Reunião de Unidade 3° quinta feira do mês das 14h as 16h<br>Saúde Bucal: Unidade com Atendimento Odontológico<br>Hospital de Referência para Obstetria:: CONCEIÇÃO<br>Longitude: -51.1537205<br>Latitude: -30.0431585"},"styleUrl":"#icon-1603-0288D1","icon-opacity":1,"icon-color":"#0288d1","icon-scale":1,"icon":"https://www.gstatic.com/mapspro/images/stock/503-wht-blank_maps.png","Coordenadoria de Saúde":"LESTE","Distrito Sanitário":"LESTE","CNES":"6883257.0","Vínculo":"HDP","Endereço":"Rua Bom Jesus, 410 - Bairro Bom Jesus","Telefones":"(51) 3289 5431 (WhatsApp) / 3289-5438","Horário de Atendimento":"De segunda à sexta das 07h às 19h. Fechada para Reunião de Unidade 3° quinta feira do mês das 14h as 16h","Saúde Bucal":"Unidade com Atendimento Odontológico","Hospital de Referência para Obstetria:":"CONCEIÇÃO","Longitude":"-51.1537205","Latitude":"-30.0431585"}},{"type":"Feature","geometry":{"type":"Point","coordinates":[-51.2184395,-30.1089909,0]},"properties":{"name":"US Calábria","description":{"@type":"html","value":"Coordenadoria de Saúde: SUL<br>Distrito Sanitário: CENTRO SUL<br>CNES: 2264501<br>Vínculo: HVN<br>Endereço: Rua Gervásio da Rosa, 51 - Bairro Vila Nova<br>Telefones: (51) 3289-5558 (WhatsApp)<br>Horário de Atendimento: De segunda à sexta das 07h às 19h. Fechada para reunião  mensal 1ª quinta-feira das 14h às 16h.<br>Saúde Bucal: Unidade com Atendimento Odontológico<br>Hospital de Referência para Obstetria:: FEMINA<br>Longitude: -51.2184395<br>Latitude: -30.1089909"},"styleUrl":"#icon-1603-0288D1","icon-opacity":1,"icon-color":"#0288d1","icon-scale":1,"icon":"https://www.gstatic.com/mapspro/images/stock/503-wht-blank_maps.png","Coordenadoria de Saúde":"SUL","Distrito Sanitário":"CENTRO SUL","CNES":"2264501.0","Vínculo":"HVN","Endereço":"Rua Gervásio da Rosa, 51 - Bairro Vila Nova","Telefones":"(51) 3289-5558 (WhatsApp)","Horário de Atendimento":"De segunda à sexta das 07h às 19h. Fechada para reunião  mensal 1ª quinta-feira das 14h às 16h.","Saúde Bucal":"Unidade com Atendimento Odontológico","Hospital de Referência para Obstetria:":"FEMINA","Longitude":"-51.2184395","Latitude":"-30.1089909"}},{"type":"Feature","geometry":{"type":"Point","coordinates":[-51.2353592,-30.1080839,0]},"properties":{"name":"US Camaquã","description":{"@type":"html","value":"Coordenadoria de Saúde: SUL<br>Distrito Sanitário: CENTRO SUL<br>CNES: 2264528<br>Vínculo: PROPRIA<br>Endereço: Rua Professor Dr. João Pitta Pinheiro Filho, 176 - Bairro Camaquã<br>Telefones: (51) 3289-5500 (WhatsApp) / 3289-5608/32895610/32895612<br>Horário de Atendimento: De segunda à sexta das 07h às 19h. Fechada para reunião mensal  3º quinta-feira das 13h às 15h.<br>Saúde Bucal: Unidade com Atendimento Odontológico<br>Hospital de Referência para Obstetria:: FEMINA<br>Longitude: -51.2353592<br>Latitude: -30.1080839"},"styleUrl":"#icon-1603-0288D1","icon-opacity":1,"icon-color":"#0288d1","icon-scale":1,"icon":"https://www.gstatic.com/mapspro/images/stock/503-wht-blank_maps.png","Coordenadoria de Saúde":"SUL","Distrito Sanitário":"CENTRO SUL","CNES":"2264528.0","Vínculo":"PROPRIA","Endereço":"Rua Professor Dr. João Pitta Pinheiro Filho, 176 - Bairro Camaquã","Telefones":"(51) 3289-5500 (WhatsApp) / 3289-5608/32895610/32895612","Horário de Atendimento":"De segunda à sexta das 07h às 19h. Fechada para reunião mensal  3º quinta-feira das 13h às 15h.","Saúde Bucal":"Unidade com Atendimento Odontológico","Hospital de Referência para Obstetria:":"FEMINA","Longitude":"-51.2353592","Latitude":"-30.1080839"}},{"type":"Feature","geometry":{"type":"Point","coordinates":[-51.1997822,-30.1330197,0]},"properties":{"name":"US Campo Novo","description":{"@type":"html","value":"Coordenadoria de Saúde: SUL<br>Distrito Sanitário: CENTRO SUL<br>CNES: 2264536<br>Vínculo: HVN<br>Endereço: Rua Colina, 160 - Bairro Campo Novo<br>Telefones: (51) 3289-5579 (WhatsApp) / 3289-5578/32895497<br>Horário de Atendimento: De segunda à sexta das 07h às 19h. Fechada para reunião  mensal última  quinta-feira das 14h às 16h.<br>Saúde Bucal: Unidade com Atendimento Odontológico<br>Hospital de Referência para Obstetria:: FEMINA<br>Longitude: -51.1997822<br>Latitude: -30.1330197"},"styleUrl":"#icon-1603-0288D1","icon-opacity":1,"icon-color":"#0288d1","icon-scale":1,"icon":"https://www.gstatic.com/mapspro/images/stock/503-wht-blank_maps.png","Coordenadoria de Saúde":"SUL","Distrito Sanitário":"CENTRO SUL","CNES":"2264536.0","Vínculo":"HVN","Endereço":"Rua Colina, 160 - Bairro Campo Novo","Telefones":"(51) 3289-5579 (WhatsApp) / 3289-5578/32895497","Horário de Atendimento":"De segunda à sexta das 07h às 19h. Fechada para reunião  mensal última  quinta-feira das 14h às 16h.","Saúde Bucal":"Unidade com Atendimento Odontológico","Hospital de Referência para Obstetria:":"FEMINA","Longitude":"-51.1997822","Latitude":"-30.1330197"}},{"type":"Feature","geometry":{"type":"Point","coordinates":[-51.20168711,-30.11965251,0]},"properties":{"name":"US Campos do Cristal","description":{"@type":"html","value":"Coordenadoria de Saúde: SUL<br>Distrito Sanitário: CENTRO SUL<br>CNES: 2237539<br>Vínculo: HVN<br>Endereço: Beco do Império, 541 -Acesso J - Bairro Vila Nova<br>Telefones: (51) 3289-2345 (WhatsApp) / 3289-5569<br>Horário de Atendimento: De segunda à sexta das 08h às 12h e das 13h às 17h. Fechada para reunião de equipe- todas as  terça-feira das 16h às 17h.<br>Saúde Bucal: Unidade de Referência para Atendimento Odontológico: US Campo Novo<br>Hospital de Referência para Obstetria:: FEMINA<br>Longitude: -51.20168711<br>Latitude: -30.11965251"},"styleUrl":"#icon-1603-0288D1","icon-opacity":1,"icon-color":"#0288d1","icon-scale":1,"icon":"https://www.gstatic.com/mapspro/images/stock/503-wht-blank_maps.png","Coordenadoria de Saúde":"SUL","Distrito Sanitário":"CENTRO SUL","CNES":"2237539.0","Vínculo":"HVN","Endereço":"Beco do Império, 541 -Acesso J - Bairro Vila Nova","Telefones":"(51) 3289-2345 (WhatsApp) / 3289-5569","Horário de Atendimento":"De segunda à sexta das 08h às 12h e das 13h às 17h. Fechada para reunião de equipe- todas as  terça-feira das 16h às 17h.","Saúde Bucal":"Unidade de Referência para Atendimento Odontológico: US Campo Novo","Hospital de Referência para Obstetria:":"FEMINA","Longitude":"-51.20168711","Latitude":"-30.11965251"}},{"type":"Feature","geometry":{"type":"Point","coordinates":[-51.1658158,-30.0573193,0]},"properties":{"name":"US Ceres","description":{"@type":"html","value":"Coordenadoria de Saúde: LESTE<br>Distrito Sanitário: PARTENON<br>CNES: 8006830<br>Vínculo: HDP<br>Endereço: Av. Ceres, 329- Bairro Partenon<br>Telefones: (51) 3289-5528 (WhatsApp) / 3289-5527 / 3289-6590<br>Horário de Atendimento: De segunda à sexta das 08h às 17h. Fechada para Reunião de Unidade ultima terça feira do mês das 14h as 16h<br>Saúde Bucal: Unidade com Atendimento Odontológico<br>Hospital de Referência para Obstetria:: HMIPV<br>Longitude: -51.1658158<br>Latitude: -30.0573193"},"styleUrl":"#icon-1603-0288D1","icon-opacity":1,"icon-color":"#0288d1","icon-scale":1,"icon":"https://www.gstatic.com/mapspro/images/stock/503-wht-blank_maps.png","Coordenadoria de Saúde":"LESTE","Distrito Sanitário":"PARTENON","CNES":"8006830.0","Vínculo":"HDP","Endereço":"Av. Ceres, 329- Bairro Partenon","Telefones":"(51) 3289-5528 (WhatsApp) / 3289-5527 / 3289-6590","Horário de Atendimento":"De segunda à sexta das 08h às 17h. Fechada para Reunião de Unidade ultima terça feira do mês das 14h as 16h","Saúde Bucal":"Unidade com Atendimento Odontológico","Hospital de Referência para Obstetria:":"HMIPV","Longitude":"-51.1658158","Latitude":"-30.0573193"}},{"type":"Feature","geometry":{"type":"Point","coordinates":[-51.1133265,-30.031948,0]},"properties":{"name":"US Chácara da Fumaça","description":{"@type":"html","value":"Coordenadoria de Saúde: LESTE<br>Distrito Sanitário: NORDESTE<br>CNES: 2264870<br>Vínculo: HDP<br>Endereço: Av - Estr. Martim Félix Berta, 2432 - Mário Quintana, Porto Alegre<br>Telefones: (51) 3289-6577 (WhatsApp) / 3386-1166 / 3289-5691 / 3289- 5692<br>Horário de Atendimento: De segunda à sexta das 07h às 22h. Fechada para Reunião de Unidade 2° quarta feira do mês das 14h as 16h<br>Saúde Bucal: Unidade com Atendimento Odontológico<br>Hospital de Referência para Obstetria:: CONCEIÇÃO<br>Longitude: -51.1133265<br>Latitude: -30.031948"},"styleUrl":"#icon-1603-0288D1","icon-opacity":1,"icon-color":"#0288d1","icon-scale":1,"icon":"https://www.gstatic.com/mapspro/images/stock/503-wht-blank_maps.png","Coordenadoria de Saúde":"LESTE","Distrito Sanitário":"NORDESTE","CNES":"2264870.0","Vínculo":"HDP","Endereço":"Av - Estr. Martim Félix Berta, 2432 - Mário Quintana, Porto Alegre","Telefones":"(51) 3289-6577 (WhatsApp) / 3386-1166 / 3289-5691 / 3289- 5692","Horário de Atendimento":"De segunda à sexta das 07h às 22h. Fechada para Reunião de Unidade 2° quarta feira do mês das 14h as 16h","Saúde Bucal":"Unidade com Atendimento Odontológico","Hospital de Referência para Obstetria:":"CONCEIÇÃO","Longitude":"-51.1133265","Latitude":"-30.031948"}},{"type":"Feature","geometry":{"type":"Point","coordinates":[-51.1413072,-30.1662283,0]},"properties":{"name":"US Chácara do Banco","description":{"@type":"html","value":"Coordenadoria de Saúde: SUL<br>Distrito Sanitário: RESTINGA<br>CNES: 2264412<br>Vínculo: HVN<br>Endereço: Travessa Jurandi Barrios Mathias, 20 - Bairro Restinga<br>Telefones: (51) 3289-2688 (WhatsApp)<br>Horário de Atendimento: De segunda à sexta das 08h às 17h. Fechada para Reunião de Unidade 4° terça feira do mês das 15h as 17h<br>Saúde Bucal: Unidade de Referência para Atendimento Odontológico: CF Álvaro Difini<br>Hospital de Referência para Obstetria:: HMIPV<br>Longitude: -51.1413072<br>Latitude: -30.1662283"},"styleUrl":"#icon-1603-0288D1","icon-opacity":1,"icon-color":"#0288d1","icon-scale":1,"icon":"https://www.gstatic.com/mapspro/images/stock/503-wht-blank_maps.png","Coordenadoria de Saúde":"SUL","Distrito Sanitário":"RESTINGA","CNES":"2264412.0","Vínculo":"HVN","Endereço":"Travessa Jurandi Barrios Mathias, 20 - Bairro Restinga","Telefones":"(51) 3289-2688 (WhatsApp)","Horário de Atendimento":"De segunda à sexta das 08h às 17h. Fechada para Reunião de Unidade 4° terça feira do mês das 15h as 17h","Saúde Bucal":"Unidade de Referência para Atendimento Odontológico: CF Álvaro Difini","Hospital de Referência para Obstetria:":"HMIPV","Longitude":"-51.1413072","Latitude":"-30.1662283"}},{"type":"Feature","geometry":{"type":"Point","coordinates":[-51.1735001,-30.1772265,0]},"properties":{"name":"US Chapéu do Sol","description":{"@type":"html","value":"Coordenadoria de Saúde: SUL<br>Distrito Sanitário: EXTREMO SUL<br>CNES: 7076584<br>Vínculo: HVN<br>Endereço: Rua Gomercindo de Oliveira, 75 – Bairro Chapéu do Sol<br>Telefones: (51)  3289-8222 (WhatsApp) / 3289-8221<br>Horário de Atendimento: De segunda à sexta das 08h às 17h. Fechada para reunião  mensal última  quinta-feira das 15h às 17h.<br>Saúde Bucal: Unidade com Atendimento Odontológico<br>Hospital de Referência para Obstetria:: HMIPV<br>Longitude: -51.1735001<br>Latitude: -30.1772265"},"styleUrl":"#icon-1603-0288D1","icon-opacity":1,"icon-color":"#0288d1","icon-scale":1,"icon":"https://www.gstatic.com/mapspro/images/stock/503-wht-blank_maps.png","Coordenadoria de Saúde":"SUL","Distrito Sanitário":"EXTREMO SUL","CNES":"7076584.0","Vínculo":"HVN","Endereço":"Rua Gomercindo de Oliveira, 75 – Bairro Chapéu do Sol","Telefones":"(51)  3289-8222 (WhatsApp) / 3289-8221","Horário de Atendimento":"De segunda à sexta das 08h às 17h. Fechada para reunião  mensal última  quinta-feira das 15h às 17h.","Saúde Bucal":"Unidade com Atendimento Odontológico","Hospital de Referência para Obstetria:":"HMIPV","Longitude":"-51.1735001","Latitude":"-30.1772265"}},{"type":"Feature","geometry":{"type":"Point","coordinates":[-51.2279483,-30.1160563,0]},"properties":{"name":"US Cidade de Deus","description":{"@type":"html","value":"Coordenadoria de Saúde: SUL<br>Distrito Sanitário: CENTRO SUL<br>CNES: 2264420<br>Vínculo: HVN<br>Endereço: Rua da Fé, 350 - Bairro Cavalhada<br>Telefones: (51) 3289-2344 (WhatsApp) / 32895571<br>Horário de Atendimento: De segunda à sexta das 08h às 12h e das 13h às 17h. Fechada para reunião de equipe- todas as  terça-feira das 16h às 17h.<br>Saúde Bucal: Unidade com Atendimento Odontológico<br>Hospital de Referência para Obstetria:: FEMINA<br>Longitude: -51.2279483<br>Latitude: -30.1160563"},"styleUrl":"#icon-1603-0288D1","icon-opacity":1,"icon-color":"#0288d1","icon-scale":1,"icon":"https://www.gstatic.com/mapspro/images/stock/503-wht-blank_maps.png","Coordenadoria de Saúde":"SUL","Distrito Sanitário":"CENTRO SUL","CNES":"2264420.0","Vínculo":"HVN","Endereço":"Rua da Fé, 350 - Bairro Cavalhada","Telefones":"(51) 3289-2344 (WhatsApp) / 32895571","Horário de Atendimento":"De segunda à sexta das 08h às 12h e das 13h às 17h. Fechada para reunião de equipe- todas as  terça-feira das 16h às 17h.","Saúde Bucal":"Unidade com Atendimento Odontológico","Hospital de Referência para Obstetria:":"FEMINA","Longitude":"-51.2279483","Latitude":"-30.1160563"}},{"type":"Feature","geometry":{"type":"Point","coordinates":[-51.1426756,-30.0353556,0]},"properties":{"name":"US Coinma","description":{"@type":"html","value":"Coordenadoria de Saúde: LESTE<br>Distrito Sanitário: LESTE<br>CNES: 2265192<br>Vínculo: GHC<br>Endereço: R. República do Peru, 410 Bairro - Jardim Itu-Sabará<br>Telefones: (51) 3381-1173 (WhatsApp)<br>Horário de Atendimento: De segunda à sexta das 07h às 20h. Fechada para reunião de equipe semanal quarta-feira das 12h às 14h.<br>Saúde Bucal: Unidade com Atendimento Odontológico<br>Hospital de Referência para Obstetria:: CONCEIÇÃO<br>Longitude: -51.1426756<br>Latitude: -30.0353556"},"styleUrl":"#icon-1603-0288D1","icon-opacity":1,"icon-color":"#0288d1","icon-scale":1,"icon":"https://www.gstatic.com/mapspro/images/stock/503-wht-blank_maps.png","Coordenadoria de Saúde":"LESTE","Distrito Sanitário":"LESTE","CNES":"2265192.0","Vínculo":"GHC","Endereço":"R. República do Peru, 410 Bairro - Jardim Itu-Sabará","Telefones":"(51) 3381-1173 (WhatsApp)","Horário de Atendimento":"De segunda à sexta das 07h às 20h. Fechada para reunião de equipe semanal quarta-feira das 12h às 14h.","Saúde Bucal":"Unidade com Atendimento Odontológico","Hospital de Referência para Obstetria:":"CONCEIÇÃO","Longitude":"-51.1426756","Latitude":"-30.0353556"}},{"type":"Feature","geometry":{"type":"Point","coordinates":[-51.1577433,-30.0144418,0]},"properties":{"name":"US Conceição","description":{"@type":"html","value":"Coordenadoria de Saúde: NORTE<br>Distrito Sanitário: NOROESTE<br>CNES: 2265168<br>Vínculo: GHC<br>Endereço: Rua Álvares Cabral, 429 - Bairro Cristo Redentor<br>Telefones: (51) 3357-2334 (WhatsApp) / 3345-0543<br>Horário de Atendimento: De segunda à sexta das 7h às 22h. Fechada para reunião de equipe semanal quarta-feira das 12h às 14h.<br>Saúde Bucal: Unidade com Atendimento Odontológico<br>Hospital de Referência para Obstetria:: CONCEIÇÃO<br>Longitude: -51.1577433<br>Latitude: -30.0144418"},"styleUrl":"#icon-1603-0288D1","icon-opacity":1,"icon-color":"#0288d1","icon-scale":1,"icon":"https://www.gstatic.com/mapspro/images/stock/503-wht-blank_maps.png","Coordenadoria de Saúde":"NORTE","Distrito Sanitário":"NOROESTE","CNES":"2265168.0","Vínculo":"GHC","Endereço":"Rua Álvares Cabral, 429 - Bairro Cristo Redentor","Telefones":"(51) 3357-2334 (WhatsApp) / 3345-0543","Horário de Atendimento":"De segunda à sexta das 7h às 22h. Fechada para reunião de equipe semanal quarta-feira das 12h às 14h.","Saúde Bucal":"Unidade com Atendimento Odontológico","Hospital de Referência para Obstetria:":"CONCEIÇÃO","Longitude":"-51.1577433","Latitude":"-30.0144418"}},{"type":"Feature","geometry":{"type":"Point","coordinates":[-51.1184697,-30.0120696,0]},"properties":{"name":"US Costa e Silva","description":{"@type":"html","value":"Coordenadoria de Saúde: NORTE<br>Distrito Sanitário: EIXO BALTAZAR<br>CNES: 2265087<br>Vínculo: GHC<br>Endereço: Rua Dante Ângelo Pilla, 373 - Bairro Rubem Berta<br>Telefones: (51) 3344-1152 (WhatsApp) / 3362-2704<br>Horário de Atendimento: De segunda à sexta das 7h às 20h. Fechada para reunião de equipe semanal quarta-feira das 12h às 14h.<br>Saúde Bucal: Unidade com Atendimento Odontológico<br>Hospital de Referência para Obstetria:: CONCEIÇÃO<br>Longitude: -51.1184697<br>Latitude: -30.0120696"},"styleUrl":"#icon-1603-0288D1","icon-opacity":1,"icon-color":"#0288d1","icon-scale":1,"icon":"https://www.gstatic.com/mapspro/images/stock/503-wht-blank_maps.png","Coordenadoria de Saúde":"NORTE","Distrito Sanitário":"EIXO BALTAZAR","CNES":"2265087.0","Vínculo":"GHC","Endereço":"Rua Dante Ângelo Pilla, 373 - Bairro Rubem Berta","Telefones":"(51) 3344-1152 (WhatsApp) / 3362-2704","Horário de Atendimento":"De segunda à sexta das 7h às 20h. Fechada para reunião de equipe semanal quarta-feira das 12h às 14h.","Saúde Bucal":"Unidade com Atendimento Odontológico","Hospital de Referência para Obstetria:":"CONCEIÇÃO","Longitude":"-51.1184697","Latitude":"-30.0120696"}},{"type":"Feature","geometry":{"type":"Point","coordinates":[-51.2303196,-30.0845195,0]},"properties":{"name":"US Cristal","description":{"@type":"html","value":"Coordenadoria de Saúde: OESTE<br>Distrito Sanitário: CRISTAL<br>CNES: 2237318<br>Vínculo: IB SAUDE<br>Endereço: Rua Cruzeiro do Sul, 2702 - Bairro Santa Tereza<br>Telefones: (51) 3289-5713 (WhatsApp) / 3289-5714 (51)<br>Horário de Atendimento: De segunda à sexta das 07h às 19h. Reunião de unidade (US fechada): MENSAL - última terça-feira do mês das 14 às 16h / Reunião de equipe (US aberta): MENSAL - última terça-feira do mês das 14 às 16h<br>Saúde Bucal: Unidade com Atendimento Odontológico<br>Hospital de Referência para Obstetria:: HCPA<br>Longitude: -51.2303196<br>Latitude: -30.0845195"},"styleUrl":"#icon-1603-0288D1","icon-opacity":1,"icon-color":"#0288d1","icon-scale":1,"icon":"https://www.gstatic.com/mapspro/images/stock/503-wht-blank_maps.png","Coordenadoria de Saúde":"OESTE","Distrito Sanitário":"CRISTAL","CNES":"2237318.0","Vínculo":"IB SAUDE","Endereço":"Rua Cruzeiro do Sul, 2702 - Bairro Santa Tereza","Telefones":"(51) 3289-5713 (WhatsApp) / 3289-5714 (51)","Horário de Atendimento":"De segunda à sexta das 07h às 19h. Reunião de unidade (US fechada): MENSAL - última terça-feira do mês das 14 às 16h / Reunião de equipe (US aberta): MENSAL - última terça-feira do mês das 14 às 16h","Saúde Bucal":"Unidade com Atendimento Odontológico","Hospital de Referência para Obstetria:":"HCPA","Longitude":"-51.2303196","Latitude":"-30.0845195"}},{"type":"Feature","geometry":{"type":"Point","coordinates":[-51.2269227,-30.080546,0]},"properties":{"name":"US Cruzeiro do Sul","description":{"@type":"html","value":"Coordenadoria de Saúde: OESTE<br>Distrito Sanitário: CRUZEIRO<br>CNES: 2237326<br>Vínculo: IB SAUDE<br>Endereço: Rua Dona Malvina, Acesso A, 195 - Bairro Santa Tereza<br>Telefones: (51) 3289-5549 (WhatsApp) / 3266-6600<br>Horário de Atendimento: De segunda à sexta das 08h às 17h. Mensal com US fechada para reunião de Unidade  4ª quinta-feira do mês das 15h às 17h.<br>Saúde Bucal: Unidade com Atendimento Odontológico<br>Hospital de Referência para Obstetria:: HCPA<br>Longitude: -51.2269227<br>Latitude: -30.080546"},"styleUrl":"#icon-1603-0288D1","icon-opacity":1,"icon-color":"#0288d1","icon-scale":1,"icon":"https://www.gstatic.com/mapspro/images/stock/503-wht-blank_maps.png","Coordenadoria de Saúde":"OESTE","Distrito Sanitário":"CRUZEIRO","CNES":"2237326.0","Vínculo":"IB SAUDE","Endereço":"Rua Dona Malvina, Acesso A, 195 - Bairro Santa Tereza","Telefones":"(51) 3289-5549 (WhatsApp) / 3266-6600","Horário de Atendimento":"De segunda à sexta das 08h às 17h. Mensal com US fechada para reunião de Unidade  4ª quinta-feira do mês das 15h às 17h.","Saúde Bucal":"Unidade com Atendimento Odontológico","Hospital de Referência para Obstetria:":"HCPA","Longitude":"-51.2269227","Latitude":"-30.080546"}},{"type":"Feature","geometry":{"type":"Point","coordinates":[-51.151184,-30.0308827,0]},"properties":{"name":"US Divina Providência","description":{"@type":"html","value":"Coordenadoria de Saúde: LESTE<br>Distrito Sanitário: LESTE<br>CNES: 2265184<br>Vínculo: GHC<br>Endereço: Rua Saturnino de Brito, 1350 - Bairro Vila Jardim<br>Telefones: (51) 3338-2275 (WhatsApp)<br>Horário de Atendimento: De segunda à sexta das 07h às 22h. Fechada para reunião de equipe semanal quarta-feira das 12h às 14h.<br>Saúde Bucal: Unidade com Atendimento Odontológico<br>Hospital de Referência para Obstetria:: CONCEIÇÃO<br>Longitude: -51.151184<br>Latitude: -30.0308827"},"styleUrl":"#icon-1603-0288D1","icon-opacity":1,"icon-color":"#0288d1","icon-scale":1,"icon":"https://www.gstatic.com/mapspro/images/stock/503-wht-blank_maps.png","Coordenadoria de Saúde":"LESTE","Distrito Sanitário":"LESTE","CNES":"2265184.0","Vínculo":"GHC","Endereço":"Rua Saturnino de Brito, 1350 - Bairro Vila Jardim","Telefones":"(51) 3338-2275 (WhatsApp)","Horário de Atendimento":"De segunda à sexta das 07h às 22h. Fechada para reunião de equipe semanal quarta-feira das 12h às 14h.","Saúde Bucal":"Unidade com Atendimento Odontológico","Hospital de Referência para Obstetria:":"CONCEIÇÃO","Longitude":"-51.151184","Latitude":"-30.0308827"}},{"type":"Feature","geometry":{"type":"Point","coordinates":[-51.23704912,-30.08696614,0]},"properties":{"name":"US Divisa","description":{"@type":"html","value":"Coordenadoria de Saúde: OESTE<br>Distrito Sanitário: CRISTAL<br>CNES: 3979938<br>Vínculo: IB SAUDE<br>Endereço: Rua Upamoroti, 735 - Bairro Cristal<br>Telefones: (51) 3289-5572 (WhatsApp)<br>Horário de Atendimento: De segunda à sexta das 08h às 17h. Reunião de unidade (US fechada): MENSAL - última quinta-feira das 15 às 17h / Reunião de equipe (US aberta): SEMANAL I: quintas-feiras das 15 às 17h II: quintas-feiras das 16 às 17h<br>Saúde Bucal: Unidade com Atendimento Odontológico<br>Hospital de Referência para Obstetria:: HCPA<br>Longitude: -51.23704912<br>Latitude: -30.08696614"},"styleUrl":"#icon-1603-0288D1","icon-opacity":1,"icon-color":"#0288d1","icon-scale":1,"icon":"https://www.gstatic.com/mapspro/images/stock/503-wht-blank_maps.png","Coordenadoria de Saúde":"OESTE","Distrito Sanitário":"CRISTAL","CNES":"3979938.0","Vínculo":"IB SAUDE","Endereço":"Rua Upamoroti, 735 - Bairro Cristal","Telefones":"(51) 3289-5572 (WhatsApp)","Horário de Atendimento":"De segunda à sexta das 08h às 17h. Reunião de unidade (US fechada): MENSAL - última quinta-feira das 15 às 17h / Reunião de equipe (US aberta): SEMANAL I: quintas-feiras das 15 às 17h II: quintas-feiras das 16 às 17h","Saúde Bucal":"Unidade com Atendimento Odontológico","Hospital de Referência para Obstetria:":"HCPA","Longitude":"-51.23704912","Latitude":"-30.08696614"}},{"type":"Feature","geometry":{"type":"Point","coordinates":[-51.106466,-30.0256804,0]},"properties":{"name":"US Domênico Feoli","description":{"@type":"html","value":"Coordenadoria de Saúde: NORTE<br>Distrito Sanitário: EIXO BALTAZAR<br>CNES: 7449283<br>Vínculo: SANTA CASA<br>Endereço: Rua Domênico Feoli, 9 - Bairro Rubem Berta<br>Telefones: (51) 3365-5765 (WhatsApp) / 3365-1781 / 3289-5766<br>Horário de Atendimento: De segunda à sexta das 08h às 17h.<br>Saúde Bucal: Unidade com Atendimento Odontológico<br>Hospital de Referência para Obstetria:: CONCEIÇÃO<br>Longitude: -51.106466<br>Latitude: -30.0256804"},"styleUrl":"#icon-1603-0288D1","icon-opacity":1,"icon-color":"#0288d1","icon-scale":1,"icon":"https://www.gstatic.com/mapspro/images/stock/503-wht-blank_maps.png","Coordenadoria de Saúde":"NORTE","Distrito Sanitário":"EIXO BALTAZAR","CNES":"7449283.0","Vínculo":"SANTA CASA","Endereço":"Rua Domênico Feoli, 9 - Bairro Rubem Berta","Telefones":"(51) 3365-5765 (WhatsApp) / 3365-1781 / 3289-5766","Horário de Atendimento":"De segunda à sexta das 08h às 17h.","Saúde Bucal":"Unidade com Atendimento Odontológico","Hospital de Referência para Obstetria:":"CONCEIÇÃO","Longitude":"-51.106466","Latitude":"-30.0256804"}},{"type":"Feature","geometry":{"type":"Point","coordinates":[-51.1632976,-30.0758168,0]},"properties":{"name":"US Ernesto Araújo","description":{"@type":"html","value":"Coordenadoria de Saúde: LESTE<br>Distrito Sanitário: PARTENON<br>CNES: 8006849<br>Vínculo: HDP<br>Endereço: Rua Ernesto Araújo, 443 - Bairro PARTENON<br>Telefones: (51) 3289-5798 (WhatsApp) / 3352-3111 / 3289-5797<br>Horário de Atendimento: De segunda à sexta das 07h às 19h. Fechada para Reunião de Unidade na segunda 5°. feira do mês das 14h ás 16h<br>Saúde Bucal: Unidade com Atendimento Odontológico<br>Hospital de Referência para Obstetria:: HMIPV<br>Longitude: -51.1632976<br>Latitude: -30.0758168"},"styleUrl":"#icon-1603-0288D1","icon-opacity":1,"icon-color":"#0288d1","icon-scale":1,"icon":"https://www.gstatic.com/mapspro/images/stock/503-wht-blank_maps.png","Coordenadoria de Saúde":"LESTE","Distrito Sanitário":"PARTENON","CNES":"8006849.0","Vínculo":"HDP","Endereço":"Rua Ernesto Araújo, 443 - Bairro PARTENON","Telefones":"(51) 3289-5798 (WhatsApp) / 3352-3111 / 3289-5797","Horário de Atendimento":"De segunda à sexta das 07h às 19h. Fechada para Reunião de Unidade na segunda 5°. feira do mês das 14h ás 16h","Saúde Bucal":"Unidade com Atendimento Odontológico","Hospital de Referência para Obstetria:":"HMIPV","Longitude":"-51.1632976","Latitude":"-30.0758168"}},{"type":"Feature","geometry":{"type":"Point","coordinates":[-51.1221083,-30.0862367,0]},"properties":{"name":"US Esmeralda","description":{"@type":"html","value":"Coordenadoria de Saúde: LESTE<br>Distrito Sanitário: LOMBA DO PINHEIRO<br>CNES: 2264722<br>Vínculo: HDP<br>Endereço: Rua Dolores Duran, 2087 - Bairro Agronomia<br>Telefones: (51) 3289-5717 (WhatsApp) / 3289-5517 / 3289-5518 / 3319-1177<br>Horário de Atendimento: De segunda à sexta das 08h às 17h. Fechada para Reunião de Unidade 1° quinta feira do mês 13h as 15h<br>Saúde Bucal: Unidade de Referência para Atendimento Odontológico: US Herdeiros<br>Hospital de Referência para Obstetria:: ISCM<br>Longitude: -51.1221083<br>Latitude: -30.0862367"},"styleUrl":"#icon-1603-0288D1","icon-opacity":1,"icon-color":"#0288d1","icon-scale":1,"icon":"https://www.gstatic.com/mapspro/images/stock/503-wht-blank_maps.png","Coordenadoria de Saúde":"LESTE","Distrito Sanitário":"LOMBA DO PINHEIRO","CNES":"2264722.0","Vínculo":"HDP","Endereço":"Rua Dolores Duran, 2087 - Bairro Agronomia","Telefones":"(51) 3289-5717 (WhatsApp) / 3289-5517 / 3289-5518 / 3319-1177","Horário de Atendimento":"De segunda à sexta das 08h às 17h. Fechada para Reunião de Unidade 1° quinta feira do mês 13h as 15h","Saúde Bucal":"Unidade de Referência para Atendimento Odontológico: US Herdeiros","Hospital de Referência para Obstetria:":"ISCM","Longitude":"-51.1221083","Latitude":"-30.0862367"}},{"type":"Feature","geometry":{"type":"Point","coordinates":[-51.122163,-30.0082438,0]},"properties":{"name":"US Esperança Cordeiro","description":{"@type":"html","value":"Coordenadoria de Saúde: NORTE<br>Distrito Sanitário: EIXO BALTAZAR<br>CNES: 5377978<br>Vínculo: SANTA CASA<br>Endereço: Av. Homero Guerreiro, 533 - Bairro PASSO DAS PEDRAS<br>Telefones: (51) 3289-5636 (WhatsApp) / 3289-5637<br>Horário de Atendimento: De segunda à sexta das 08h às 12h e das 13h às 17h.<br>Saúde Bucal: Unidade com Atendimento Odontológico<br>Hospital de Referência para Obstetria:: CONCEIÇÃO<br>Longitude: -51.122163<br>Latitude: -30.0082438"},"styleUrl":"#icon-1603-0288D1","icon-opacity":1,"icon-color":"#0288d1","icon-scale":1,"icon":"https://www.gstatic.com/mapspro/images/stock/503-wht-blank_maps.png","Coordenadoria de Saúde":"NORTE","Distrito Sanitário":"EIXO BALTAZAR","CNES":"5377978.0","Vínculo":"SANTA CASA","Endereço":"Av. Homero Guerreiro, 533 - Bairro PASSO DAS PEDRAS","Telefones":"(51) 3289-5636 (WhatsApp) / 3289-5637","Horário de Atendimento":"De segunda à sexta das 08h às 12h e das 13h às 17h.","Saúde Bucal":"Unidade com Atendimento Odontológico","Hospital de Referência para Obstetria:":"CONCEIÇÃO","Longitude":"-51.122163","Latitude":"-30.0082438"}},{"type":"Feature","geometry":{"type":"Point","coordinates":[-51.1956881,-30.0893524,0]},"properties":{"name":"US Estrada dos Alpes","description":{"@type":"html","value":"Coordenadoria de Saúde: OESTE<br>Distrito Sanitário: GLORIA<br>CNES: 2265028<br>Vínculo: IB SAUDE<br>Endereço: Estrada dos Alpes, 671 - Bairro Cascata<br>Telefones: (51) 3289-5769 (WhatsApp) / 3289-5770<br>Horário de Atendimento: De segunda à sexta das 08h às 12h e das 13h às 17h. Reunião de unidade (US fechada): MENSAL - última quinta-feira do mês das 15 às 17h / Reunião de equipe (US aberta): SEMANAL - quintas-feiras I: das 16 às 17h<br>Saúde Bucal: Unidade com Atendimento Odontológico<br>Hospital de Referência para Obstetria:: HCPA<br>Longitude: -51.1956881<br>Latitude: -30.0893524"},"styleUrl":"#icon-1603-0288D1","icon-opacity":1,"icon-color":"#0288d1","icon-scale":1,"icon":"https://www.gstatic.com/mapspro/images/stock/503-wht-blank_maps.png","Coordenadoria de Saúde":"OESTE","Distrito Sanitário":"GLORIA","CNES":"2265028.0","Vínculo":"IB SAUDE","Endereço":"Estrada dos Alpes, 671 - Bairro Cascata","Telefones":"(51) 3289-5769 (WhatsApp) / 3289-5770","Horário de Atendimento":"De segunda à sexta das 08h às 12h e das 13h às 17h. Reunião de unidade (US fechada): MENSAL - última quinta-feira do mês das 15 às 17h / Reunião de equipe (US aberta): SEMANAL - quintas-feiras I: das 16 às 17h","Saúde Bucal":"Unidade com Atendimento Odontológico","Hospital de Referência para Obstetria:":"HCPA","Longitude":"-51.1956881","Latitude":"-30.0893524"}},{"type":"Feature","geometry":{"type":"Point","coordinates":[-51.1945117,-29.9795997,0]},"properties":{"name":"US Farrapos","description":{"@type":"html","value":"Coordenadoria de Saúde: NORTE<br>Distrito Sanitário: HUMAITA/NAVEGANTES<br>CNES: 2264285<br>Vínculo: SANTA CASA<br>Endereço: Rua Graciano Camozzato, 185 - Bairro Farrapos<br>Telefones: (51) 3289-8186 (WhatsApp) / 3289-8187<br>Horário de Atendimento: De segunda à sexta das 07h às 19h.<br>Saúde Bucal: Unidade com Atendimento Odontológico<br>Hospital de Referência para Obstetria:: HMIPV<br>Longitude: -51.1945117<br>Latitude: -29.9795997"},"styleUrl":"#icon-1603-0288D1","icon-opacity":1,"icon-color":"#0288d1","icon-scale":1,"icon":"https://www.gstatic.com/mapspro/images/stock/503-wht-blank_maps.png","Coordenadoria de Saúde":"NORTE","Distrito Sanitário":"HUMAITA/NAVEGANTES","CNES":"2264285.0","Vínculo":"SANTA CASA","Endereço":"Rua Graciano Camozzato, 185 - Bairro Farrapos","Telefones":"(51) 3289-8186 (WhatsApp) / 3289-8187","Horário de Atendimento":"De segunda à sexta das 07h às 19h.","Saúde Bucal":"Unidade com Atendimento Odontológico","Hospital de Referência para Obstetria:":"HMIPV","Longitude":"-51.1945117","Latitude":"-29.9795997"}},{"type":"Feature","geometry":{"type":"Point","coordinates":[-51.1607054,-30.0033859,0]},"properties":{"name":"US Floresta","description":{"@type":"html","value":"Coordenadoria de Saúde: NORTE<br>Distrito Sanitário: NOROESTE<br>CNES: 2265109<br>Vínculo: GHC<br>Endereço: Rua Conselheiro D'Ávila, 111 - Bairro Jardim Floresta<br>Telefones: (51) 3362-6727 (WhatsApp) / 3362-6001<br>Horário de Atendimento: De segunda à sexta das 07h às 20h. Fechada para reunião de equipe semanal quarta-feira das 12h às 14h.<br>Saúde Bucal: Unidade com Atendimento Odontológico<br>Hospital de Referência para Obstetria:: CONCEIÇÃO<br>Longitude: -51.1607054<br>Latitude: -30.0033859"},"styleUrl":"#icon-1603-0288D1","icon-opacity":1,"icon-color":"#0288d1","icon-scale":1,"icon":"https://www.gstatic.com/mapspro/images/stock/503-wht-blank_maps.png","Coordenadoria de Saúde":"NORTE","Distrito Sanitário":"NOROESTE","CNES":"2265109.0","Vínculo":"GHC","Endereço":"Rua Conselheiro D'Ávila, 111 - Bairro Jardim Floresta","Telefones":"(51) 3362-6727 (WhatsApp) / 3362-6001","Horário de Atendimento":"De segunda à sexta das 07h às 20h. Fechada para reunião de equipe semanal quarta-feira das 12h às 14h.","Saúde Bucal":"Unidade com Atendimento Odontológico","Hospital de Referência para Obstetria:":"CONCEIÇÃO","Longitude":"-51.1607054","Latitude":"-30.0033859"}},{"type":"Feature","geometry":{"type":"Point","coordinates":[-51.1979751,-29.9838728,0]},"properties":{"name":"US Fradique Vizeu","description":{"@type":"html","value":"Coordenadoria de Saúde: NORTE<br>Distrito Sanitário: HUMAITA/NAVEGANTES<br>CNES: 7049579<br>Vínculo: SANTA CASA<br>Endereço: Rua Frederico Mentz, 374 - Bairro Navegantes<br>Telefones: (51) 3289-5699 (WhatsApp) / (51) 3289-5699<br>Horário de Atendimento: De segunda à sexta das 08h às 17h.<br>Saúde Bucal: Unidade com Atendimento Odontológico<br>Hospital de Referência para Obstetria:: HMIPV<br>Longitude: -51.1979751<br>Latitude: -29.9838728"},"styleUrl":"#icon-1603-0288D1","icon-opacity":1,"icon-color":"#0288d1","icon-scale":1,"icon":"https://www.gstatic.com/mapspro/images/stock/503-wht-blank_maps.png","Coordenadoria de Saúde":"NORTE","Distrito Sanitário":"HUMAITA/NAVEGANTES","CNES":"7049579.0","Vínculo":"SANTA CASA","Endereço":"Rua Frederico Mentz, 374 - Bairro Navegantes","Telefones":"(51) 3289-5699 (WhatsApp) / (51) 3289-5699","Horário de Atendimento":"De segunda à sexta das 08h às 17h.","Saúde Bucal":"Unidade com Atendimento Odontológico","Hospital de Referência para Obstetria:":"HMIPV","Longitude":"-51.1979751","Latitude":"-29.9838728"}},{"type":"Feature","geometry":{"type":"Point","coordinates":[-51.1997579,-30.0782062,0]},"properties":{"name":"US Glória","description":{"@type":"html","value":"Coordenadoria de Saúde: OESTE<br>Distrito Sanitário: GLORIA<br>CNES: 2265044<br>Vínculo: IB SAUDE<br>Endereço: Av. Professor Oscar Pereira, 3229 - Bairro Glória<br>Telefones: (51) 3289-2341 (WhatsApp) / 3289-8189 / 3289-8188<br>Horário de Atendimento: De segunda à sexta das 07h às 19h. Reunião de unidade (US fechada): MENSAL - 1ª quinta-feira do mês das 14 às 16h / Reunião de equipe (US aberta): SEMANAL I e II: quartas-feiras das 14 às 15h III e IV: quartas-feiras das 14 às 15h<br>Saúde Bucal: Unidade com Atendimento Odontológico<br>Hospital de Referência para Obstetria:: HCPA<br>Longitude: -51.1997579<br>Latitude: -30.0782062"},"styleUrl":"#icon-1603-0288D1","icon-opacity":1,"icon-color":"#0288d1","icon-scale":1,"icon":"https://www.gstatic.com/mapspro/images/stock/503-wht-blank_maps.png","Coordenadoria de Saúde":"OESTE","Distrito Sanitário":"GLORIA","CNES":"2265044.0","Vínculo":"IB SAUDE","Endereço":"Av. Professor Oscar Pereira, 3229 - Bairro Glória","Telefones":"(51) 3289-2341 (WhatsApp) / 3289-8189 / 3289-8188","Horário de Atendimento":"De segunda à sexta das 07h às 19h. Reunião de unidade (US fechada): MENSAL - 1ª quinta-feira do mês das 14 às 16h / Reunião de equipe (US aberta): SEMANAL I e II: quartas-feiras das 14 às 15h III e IV: quartas-feiras das 14 às 15h","Saúde Bucal":"Unidade com Atendimento Odontológico","Hospital de Referência para Obstetria:":"HCPA","Longitude":"-51.1997579","Latitude":"-30.0782062"}},{"type":"Feature","geometry":{"type":"Point","coordinates":[-51.1929101,-30.0856932,0]},"properties":{"name":"US Graciliano Ramos","description":{"@type":"html","value":"Coordenadoria de Saúde: OESTE<br>Distrito Sanitário: GLORIA<br>CNES: 2237903<br>Vínculo: IB SAUDE<br>Endereço: Rua A, 105, Vila Graciliano Ramos - Bairro Cascata<br>Telefones: (51) 3289-8225 (WhatsApp)<br>Horário de Atendimento: De segunda à sexta das 08h às 12h e das 13h às 17h. Reunião de unidade e equipe são concomitantes (US fechada): SEMANAL - todas as terças-feiras das 13 às 14h<br>Saúde Bucal: Unidade com Atendimento Odontológico<br>Hospital de Referência para Obstetria:: HCPA<br>Longitude: -51.1929101<br>Latitude: -30.0856932"},"styleUrl":"#icon-1603-0288D1","icon-opacity":1,"icon-color":"#0288d1","icon-scale":1,"icon":"https://www.gstatic.com/mapspro/images/stock/503-wht-blank_maps.png","Coordenadoria de Saúde":"OESTE","Distrito Sanitário":"GLORIA","CNES":"2237903.0","Vínculo":"IB SAUDE","Endereço":"Rua A, 105, Vila Graciliano Ramos - Bairro Cascata","Telefones":"(51) 3289-8225 (WhatsApp)","Horário de Atendimento":"De segunda à sexta das 08h às 12h e das 13h às 17h. Reunião de unidade e equipe são concomitantes (US fechada): SEMANAL - todas as terças-feiras das 13 às 14h","Saúde Bucal":"Unidade com Atendimento Odontológico","Hospital de Referência para Obstetria:":"HCPA","Longitude":"-51.1929101","Latitude":"-30.0856932"}},{"type":"Feature","geometry":{"type":"Point","coordinates":[-51.2223305,-30.1549163,0]},"properties":{"name":"US Guarujá","description":{"@type":"html","value":"Coordenadoria de Saúde: SUL<br>Distrito Sanitário: SUL<br>CNES: 2693437<br>Vínculo: HVN<br>Endereço: Av. Guarujá, 190 - Bairro Guarujá<br>Telefones: (51) 3289-5787 (WhatsApp) / 3289-5687 / 3289-5576<br>Horário de Atendimento: De segunda à sexta das 07h às 19h. Fechada para reunião  mensal última  quinta-feira das 14h às 16h.<br>Saúde Bucal: Unidade com Atendimento Odontológico<br>Hospital de Referência para Obstetria:: FEMINA<br>Longitude: -51.2223305<br>Latitude: -30.1549163"},"styleUrl":"#icon-1603-0288D1","icon-opacity":1,"icon-color":"#0288d1","icon-scale":1,"icon":"https://www.gstatic.com/mapspro/images/stock/503-wht-blank_maps.png","Coordenadoria de Saúde":"SUL","Distrito Sanitário":"SUL","CNES":"2693437.0","Vínculo":"HVN","Endereço":"Av. Guarujá, 190 - Bairro Guarujá","Telefones":"(51) 3289-5787 (WhatsApp) / 3289-5687 / 3289-5576","Horário de Atendimento":"De segunda à sexta das 07h às 19h. Fechada para reunião  mensal última  quinta-feira das 14h às 16h.","Saúde Bucal":"Unidade com Atendimento Odontológico","Hospital de Referência para Obstetria:":"FEMINA","Longitude":"-51.2223305","Latitude":"-30.1549163"}},{"type":"Feature","geometry":{"type":"Point","coordinates":[-51.1167101,-30.0839325,0]},"properties":{"name":"US Herdeiros","description":{"@type":"html","value":"Coordenadoria de Saúde: LESTE<br>Distrito Sanitário: LOMBA DO PINHEIRO<br>CNES: 2237458<br>Vínculo: HDP<br>Endereço: Rua Alfredo Torres de Vasconcelos, 90 - Bairro Agronomia<br>Telefones: (51) 3289-5653 (WhatsApp) / 3289-5542<br>Horário de Atendimento: De segunda à sexta das 08h às 12h e das 13h às 17h. Fechada para reunião de equipe semanal quinta-feira das 13h às 14hs.<br>Saúde Bucal: Unidade com Atendimento Odontológico<br>Hospital de Referência para Obstetria:: ISCM<br>Longitude: -51.1167101<br>Latitude: -30.0839325"},"styleUrl":"#icon-1603-0288D1","icon-opacity":1,"icon-color":"#0288d1","icon-scale":1,"icon":"https://www.gstatic.com/mapspro/images/stock/503-wht-blank_maps.png","Coordenadoria de Saúde":"LESTE","Distrito Sanitário":"LOMBA DO PINHEIRO","CNES":"2237458.0","Vínculo":"HDP","Endereço":"Rua Alfredo Torres de Vasconcelos, 90 - Bairro Agronomia","Telefones":"(51) 3289-5653 (WhatsApp) / 3289-5542","Horário de Atendimento":"De segunda à sexta das 08h às 12h e das 13h às 17h. Fechada para reunião de equipe semanal quinta-feira das 13h às 14hs.","Saúde Bucal":"Unidade com Atendimento Odontológico","Hospital de Referência para Obstetria:":"ISCM","Longitude":"-51.1167101","Latitude":"-30.0839325"}},{"type":"Feature","geometry":{"type":"Point","coordinates":[-51.25372,-30.027776,0]},"properties":{"name":"US Ilha da Pintada","description":{"@type":"html","value":"Coordenadoria de Saúde: NORTE<br>Distrito Sanitário: ILHAS<br>CNES: 2237113<br>Vínculo: SANTA CASA<br>Endereço: Av. Presidente Vargas, 390 - Bairro Arquipélago Ilha da Pintada<br>Telefones: (51) 3289-2681 (WhatsApp) / 3289-2680<br>Horário de Atendimento: De segunda à sexta das 08h às 12h e das 13h às 17h.<br>Saúde Bucal: Unidade com Atendimento Odontológico<br>Hospital de Referência para Obstetria:: ISCM<br>Longitude: -51.25372<br>Latitude: -30.027776"},"styleUrl":"#icon-1603-0288D1","icon-opacity":1,"icon-color":"#0288d1","icon-scale":1,"icon":"https://www.gstatic.com/mapspro/images/stock/503-wht-blank_maps.png","Coordenadoria de Saúde":"NORTE","Distrito Sanitário":"ILHAS","CNES":"2237113.0","Vínculo":"SANTA CASA","Endereço":"Av. Presidente Vargas, 390 - Bairro Arquipélago Ilha da Pintada","Telefones":"(51) 3289-2681 (WhatsApp) / 3289-2680","Horário de Atendimento":"De segunda à sexta das 08h às 12h e das 13h às 17h.","Saúde Bucal":"Unidade com Atendimento Odontológico","Hospital de Referência para Obstetria:":"ISCM","Longitude":"-51.25372","Latitude":"-30.027776"}},{"type":"Feature","geometry":{"type":"Point","coordinates":[-51.2249786,-29.9935156,0]},"properties":{"name":"US Ilha dos Marinheiros","description":{"@type":"html","value":"Coordenadoria de Saúde: NORTE<br>Distrito Sanitário: ILHAS<br>CNES: 2264366<br>Vínculo: SANTA CASA<br>Endereço: Rua Santa Rita de Cássia, SN - Ilha dos Marinheiros<br>Telefones: (51) 3289-5626 (WhatsApp) / 3289-5627<br>Horário de Atendimento: De segunda à sexta das 08h às 17h.<br>Saúde Bucal: Unidade com Atendimento Odontológico<br>Hospital de Referência para Obstetria:: ISCM<br>Longitude: -51.2249786<br>Latitude: -29.9935156"},"styleUrl":"#icon-1603-0288D1","icon-opacity":1,"icon-color":"#0288d1","icon-scale":1,"icon":"https://www.gstatic.com/mapspro/images/stock/503-wht-blank_maps.png","Coordenadoria de Saúde":"NORTE","Distrito Sanitário":"ILHAS","CNES":"2264366.0","Vínculo":"SANTA CASA","Endereço":"Rua Santa Rita de Cássia, SN - Ilha dos Marinheiros","Telefones":"(51) 3289-5626 (WhatsApp) / 3289-5627","Horário de Atendimento":"De segunda à sexta das 08h às 17h.","Saúde Bucal":"Unidade com Atendimento Odontológico","Hospital de Referência para Obstetria:":"ISCM","Longitude":"-51.2249786","Latitude":"-29.9935156"}},{"type":"Feature","geometry":{"type":"Point","coordinates":[-51.0843612,-30.1444108,0]},"properties":{"name":"US INDIGENA ALDEIA KAINGANG FAG","description":{"@type":"html","value":"Coordenadoria de Saúde: LESTE<br>Distrito Sanitário: LOMBA DO PINHEIRO<br>CNES: 7675992<br>Vínculo: HDP<br>Endereço: ESTRADA JOAO DE OLIVEIRA REMIAO, 9105 - Bairro Lomba do Pinheiro<br>Telefones: (51) 3289-8252 (WhatsApp)<br>Horário de Atendimento: De segunda à sexta das 08h às 12h e das 13h às 17h. Fechada para Reunião de Unidade 4° quinta feira feira do mês das 14h as 17h<br>Saúde Bucal: Unidade com Atendimento Odontológico<br>Hospital de Referência para Obstetria:: HMIPV<br>Longitude: -51.0843612<br>Latitude: -30.1444108"},"styleUrl":"#icon-1603-0288D1","icon-opacity":1,"icon-color":"#0288d1","icon-scale":1,"icon":"https://www.gstatic.com/mapspro/images/stock/503-wht-blank_maps.png","Coordenadoria de Saúde":"LESTE","Distrito Sanitário":"LOMBA DO PINHEIRO","CNES":"7675992.0","Vínculo":"HDP","Endereço":"ESTRADA JOAO DE OLIVEIRA REMIAO, 9105 - Bairro Lomba do Pinheiro","Telefones":"(51) 3289-8252 (WhatsApp)","Horário de Atendimento":"De segunda à sexta das 08h às 12h e das 13h às 17h. Fechada para Reunião de Unidade 4° quinta feira feira do mês das 14h as 17h","Saúde Bucal":"Unidade com Atendimento Odontológico","Hospital de Referência para Obstetria:":"HMIPV","Longitude":"-51.0843612","Latitude":"-30.1444108"}},{"type":"Feature","geometry":{"type":"Point","coordinates":[-51.2302057,-30.1343294,0]},"properties":{"name":"US Ipanema","description":{"@type":"html","value":"Coordenadoria de Saúde: SUL<br>Distrito Sanitário: SUL<br>CNES: 2264544<br>Vínculo: HVN<br>Endereço: Av. Tramandaí, 351 - Bairro Ipanema<br>Telefones: (51) 3289-5633 (WhatsApp) / 3289-5585<br>Horário de Atendimento: De segunda à sexta das 07h às 19h. Fechada para reunião  mensal 3ª  terça-feira das 14h às 16h.<br>Saúde Bucal: Unidade com Atendimento Odontológico<br>Hospital de Referência para Obstetria:: FEMINA<br>Longitude: -51.2302057<br>Latitude: -30.1343294"},"styleUrl":"#icon-1603-0288D1","icon-opacity":1,"icon-color":"#0288d1","icon-scale":1,"icon":"https://www.gstatic.com/mapspro/images/stock/503-wht-blank_maps.png","Coordenadoria de Saúde":"SUL","Distrito Sanitário":"SUL","CNES":"2264544.0","Vínculo":"HVN","Endereço":"Av. Tramandaí, 351 - Bairro Ipanema","Telefones":"(51) 3289-5633 (WhatsApp) / 3289-5585","Horário de Atendimento":"De segunda à sexta das 07h às 19h. Fechada para reunião  mensal 3ª  terça-feira das 14h às 16h.","Saúde Bucal":"Unidade com Atendimento Odontológico","Hospital de Referência para Obstetria:":"FEMINA","Longitude":"-51.2302057","Latitude":"-30.1343294"}},{"type":"Feature","geometry":{"type":"Point","coordinates":[-51.15029,-30.05389,0]},"properties":{"name":"US Jardim Carvalho","description":{"@type":"html","value":"Coordenadoria de Saúde: LESTE<br>Distrito Sanitário: LESTE<br>CNES: 2237946<br>Vínculo: HDP<br>Endereço: Rua 3, número 10 - Cefer 1, Bairro Jardim Carvalho<br>Telefones: (51) 3289-8242 (WhatsApp) / 3289-5655 / 3289-5654<br>Horário de Atendimento: De segunda à sexta das 08h às 17h. Fechada para reunião de unidade na 2ª terça de cada mês do mês das 15h as 17h<br>Saúde Bucal: Unidade com Atendimento Odontológico<br>Hospital de Referência para Obstetria:: CONCEIÇÃO<br>Longitude: -51.15029<br>Latitude: -30.05389"},"styleUrl":"#icon-1603-0288D1","icon-opacity":1,"icon-color":"#0288d1","icon-scale":1,"icon":"https://www.gstatic.com/mapspro/images/stock/503-wht-blank_maps.png","Coordenadoria de Saúde":"LESTE","Distrito Sanitário":"LESTE","CNES":"2237946.0","Vínculo":"HDP","Endereço":"Rua 3, número 10 - Cefer 1, Bairro Jardim Carvalho","Telefones":"(51) 3289-8242 (WhatsApp) / 3289-5655 / 3289-5654","Horário de Atendimento":"De segunda à sexta das 08h às 17h. Fechada para reunião de unidade na 2ª terça de cada mês do mês das 15h as 17h","Saúde Bucal":"Unidade com Atendimento Odontológico","Hospital de Referência para Obstetria:":"CONCEIÇÃO","Longitude":"-51.15029","Latitude":"-30.05389"}},{"type":"Feature","geometry":{"type":"Point","coordinates":[-51.1943073,-30.0820146,0]},"properties":{"name":"US Jardim Cascata","description":{"@type":"html","value":"Coordenadoria de Saúde: OESTE<br>Distrito Sanitário: GLORIA<br>CNES: 2264951<br>Vínculo: IB SAUDE<br>Endereço: Rua Martins de Carvalho, 109 - Bairro Cascata<br>Telefones: (51) 3289-5772 (WhatsApp) / 3289-5771<br>Horário de Atendimento: De segunda à sexta das 08h às 17h. Reunião de unidade e equipe são concomitantes (US fechada): SEMANAL - todas as terças-feiras das 11 às 12h<br>Saúde Bucal: Unidade com Atendimento Odontológico<br>Hospital de Referência para Obstetria:: HCPA<br>Longitude: -51.1943073<br>Latitude: -30.0820146"},"styleUrl":"#icon-1603-0288D1","icon-opacity":1,"icon-color":"#0288d1","icon-scale":1,"icon":"https://www.gstatic.com/mapspro/images/stock/503-wht-blank_maps.png","Coordenadoria de Saúde":"OESTE","Distrito Sanitário":"GLORIA","CNES":"2264951.0","Vínculo":"IB SAUDE","Endereço":"Rua Martins de Carvalho, 109 - Bairro Cascata","Telefones":"(51) 3289-5772 (WhatsApp) / 3289-5771","Horário de Atendimento":"De segunda à sexta das 08h às 17h. Reunião de unidade e equipe são concomitantes (US fechada): SEMANAL - todas as terças-feiras das 11 às 12h","Saúde Bucal":"Unidade com Atendimento Odontológico","Hospital de Referência para Obstetria:":"HCPA","Longitude":"-51.1943073","Latitude":"-30.0820146"}},{"type":"Feature","geometry":{"type":"Point","coordinates":[-51.1188029,-30.0345266,0]},"properties":{"name":"US Jardim da Fapa","description":{"@type":"html","value":"Coordenadoria de Saúde: LESTE<br>Distrito Sanitário: NORDESTE<br>CNES: 2264196<br>Vínculo: HDP<br>Endereço: Rua Cristal da Paz, 146 - Bairro Mário Quintana<br>Telefones: (51) 3289-5616 (WhatsApp) / 3289-5617 / 3289-5483<br>Horário de Atendimento: De segunda à sexta das 08h às 12h e das 13h às 17h.<br>Saúde Bucal: Unidade com Atendimento Odontológico<br>Hospital de Referência para Obstetria:: CONCEIÇÃO<br>Longitude: -51.1188029<br>Latitude: -30.0345266"},"styleUrl":"#icon-1603-0288D1","icon-opacity":1,"icon-color":"#0288d1","icon-scale":1,"icon":"https://www.gstatic.com/mapspro/images/stock/503-wht-blank_maps.png","Coordenadoria de Saúde":"LESTE","Distrito Sanitário":"NORDESTE","CNES":"2264196.0","Vínculo":"HDP","Endereço":"Rua Cristal da Paz, 146 - Bairro Mário Quintana","Telefones":"(51) 3289-5616 (WhatsApp) / 3289-5617 / 3289-5483","Horário de Atendimento":"De segunda à sexta das 08h às 12h e das 13h às 17h.","Saúde Bucal":"Unidade com Atendimento Odontológico","Hospital de Referência para Obstetria:":"CONCEIÇÃO","Longitude":"-51.1188029","Latitude":"-30.0345266"}},{"type":"Feature","geometry":{"type":"Point","coordinates":[-51.2251287,-30.101969,0]},"properties":{"name":"US Jardim das Palmeiras","description":{"@type":"html","value":"Coordenadoria de Saúde: SUL<br>Distrito Sanitário: CENTRO SUL<br>CNES: 2264552<br>Vínculo: HVN<br>Endereço: Rua Ângelo Barbosa, 38 - Bairro Cavalhada<br>Telefones: (51) 3289-5560 (WhatsApp) /32895639<br>Horário de Atendimento: De segunda à sexta das 08h às 17h. Fechada para reunião  mensal 3ª  quinta-feira das 15h às 17h.<br>Saúde Bucal: Unidade de Referência para Atendimento Odontológico: US Calábria<br>Hospital de Referência para Obstetria:: FEMINA<br>Longitude: -51.2251287<br>Latitude: -30.101969"},"styleUrl":"#icon-1603-0288D1","icon-opacity":1,"icon-color":"#0288d1","icon-scale":1,"icon":"https://www.gstatic.com/mapspro/images/stock/503-wht-blank_maps.png","Coordenadoria de Saúde":"SUL","Distrito Sanitário":"CENTRO SUL","CNES":"2264552.0","Vínculo":"HVN","Endereço":"Rua Ângelo Barbosa, 38 - Bairro Cavalhada","Telefones":"(51) 3289-5560 (WhatsApp) /32895639","Horário de Atendimento":"De segunda à sexta das 08h às 17h. Fechada para reunião  mensal 3ª  quinta-feira das 15h às 17h.","Saúde Bucal":"Unidade de Referência para Atendimento Odontológico: US Calábria","Hospital de Referência para Obstetria:":"FEMINA","Longitude":"-51.2251287","Latitude":"-30.101969"}},{"type":"Feature","geometry":{"type":"Point","coordinates":[-51.1425712,-30.0238002,0]},"properties":{"name":"US Jardim Itu","description":{"@type":"html","value":"Coordenadoria de Saúde: NORTE<br>Distrito Sanitário: NOROESTE<br>CNES: 2265079<br>Vínculo: GHC<br>Endereço: Rua Biscaia, 39 - Bairro Jardim Itu Sabará<br>Telefones: (51) 3348-1288 (WhatsApp)<br>Horário de Atendimento: De segunda à sexta das 07h às 22h. Fechada para reunião de equipe semanal quarta-feira das 12h às 14h.<br>Saúde Bucal: Unidade com Atendimento Odontológico<br>Hospital de Referência para Obstetria:: CONCEIÇÃO<br>Longitude: -51.1425712<br>Latitude: -30.0238002"},"styleUrl":"#icon-1603-0288D1","icon-opacity":1,"icon-color":"#0288d1","icon-scale":1,"icon":"https://www.gstatic.com/mapspro/images/stock/503-wht-blank_maps.png","Coordenadoria de Saúde":"NORTE","Distrito Sanitário":"NOROESTE","CNES":"2265079.0","Vínculo":"GHC","Endereço":"Rua Biscaia, 39 - Bairro Jardim Itu Sabará","Telefones":"(51) 3348-1288 (WhatsApp)","Horário de Atendimento":"De segunda à sexta das 07h às 22h. Fechada para reunião de equipe semanal quarta-feira das 12h às 14h.","Saúde Bucal":"Unidade com Atendimento Odontológico","Hospital de Referência para Obstetria:":"CONCEIÇÃO","Longitude":"-51.1425712","Latitude":"-30.0238002"}},{"type":"Feature","geometry":{"type":"Point","coordinates":[-51.1111185,-30.0185237,0]},"properties":{"name":"US Jardim Leopoldina","description":{"@type":"html","value":"Coordenadoria de Saúde: NORTE<br>Distrito Sanitário: EIXO BALTAZAR<br>CNES: 2265125<br>Vínculo: GHC<br>Endereço: Rua Orlando Aita, 130 - Bairro Protásio Alves<br>Telefones: (51) 3345-1360 (WhatsApp) / 3348-7070<br>Horário de Atendimento: De segunda à sexta das 07h às 22h. Fechada para reunião de equipe semanal quarta-feira das 12h às 14h.<br>Saúde Bucal: Unidade com Atendimento Odontológico<br>Hospital de Referência para Obstetria:: CONCEIÇÃO<br>Longitude: -51.1111185<br>Latitude: -30.0185237"},"styleUrl":"#icon-1603-0288D1","icon-opacity":1,"icon-color":"#0288d1","icon-scale":1,"icon":"https://www.gstatic.com/mapspro/images/stock/503-wht-blank_maps.png","Coordenadoria de Saúde":"NORTE","Distrito Sanitário":"EIXO BALTAZAR","CNES":"2265125.0","Vínculo":"GHC","Endereço":"Rua Orlando Aita, 130 - Bairro Protásio Alves","Telefones":"(51) 3345-1360 (WhatsApp) / 3348-7070","Horário de Atendimento":"De segunda à sexta das 07h às 22h. Fechada para reunião de equipe semanal quarta-feira das 12h às 14h.","Saúde Bucal":"Unidade com Atendimento Odontológico","Hospital de Referência para Obstetria:":"CONCEIÇÃO","Longitude":"-51.1111185","Latitude":"-30.0185237"}},{"type":"Feature","geometry":{"type":"Point","coordinates":[-51.1066246,-30.0420541,0]},"properties":{"name":"US Jardim Protásio Alves","description":{"@type":"html","value":"Coordenadoria de Saúde: LESTE<br>Distrito Sanitário: NORDESTE<br>CNES: 2237954<br>Vínculo: HDP<br>Endereço: Rua das Violetas (Rua 4), 2 - esquina Rua Primavera - Jardim Protásio Alves<br>Telefones: (51) 3289-5678  (WhatsApp) / 3289-5792<br>Horário de Atendimento: De segunda à sexta das 08h às 17h.<br>Saúde Bucal: Unidade com Atendimento Odontológico<br>Hospital de Referência para Obstetria:: CONCEIÇÃO<br>Longitude: -51.1066246<br>Latitude: -30.0420541"},"styleUrl":"#icon-1603-0288D1","icon-opacity":1,"icon-color":"#0288d1","icon-scale":1,"icon":"https://www.gstatic.com/mapspro/images/stock/503-wht-blank_maps.png","Coordenadoria de Saúde":"LESTE","Distrito Sanitário":"NORDESTE","CNES":"2237954.0","Vínculo":"HDP","Endereço":"Rua das Violetas (Rua 4), 2 - esquina Rua Primavera - Jardim Protásio Alves","Telefones":"(51) 3289-5678  (WhatsApp) / 3289-5792","Horário de Atendimento":"De segunda à sexta das 08h às 17h.","Saúde Bucal":"Unidade com Atendimento Odontológico","Hospital de Referência para Obstetria:":"CONCEIÇÃO","Longitude":"-51.1066246","Latitude":"-30.0420541"}},{"type":"Feature","geometry":{"type":"Point","coordinates":[-51.1040991,-30.0005673,0]},"properties":{"name":"US Jenor Jarros","description":{"@type":"html","value":"Coordenadoria de Saúde: NORTE<br>Distrito Sanitário: NORTE<br>CNES: 2264714<br>Vínculo: SANTA CASA<br>Endereço: Rua Mario Arnaud Sampaio, 45 - Bairro Rubem Berta<br>Telefones: (51) 3289-5599 (WhatsApp) /32895598<br>Horário de Atendimento: De segunda à sexta das 08h às 12h e das 13h às 17h.<br>Saúde Bucal: Unidade de Referência para Atendimento Odontológico: US Assis Brasil<br>Hospital de Referência para Obstetria:: CONCEIÇÃO<br>Longitude: -51.1040991<br>Latitude: -30.0005673"},"styleUrl":"#icon-1603-0288D1","icon-opacity":1,"icon-color":"#0288d1","icon-scale":1,"icon":"https://www.gstatic.com/mapspro/images/stock/503-wht-blank_maps.png","Coordenadoria de Saúde":"NORTE","Distrito Sanitário":"NORTE","CNES":"2264714.0","Vínculo":"SANTA CASA","Endereço":"Rua Mario Arnaud Sampaio, 45 - Bairro Rubem Berta","Telefones":"(51) 3289-5599 (WhatsApp) /32895598","Horário de Atendimento":"De segunda à sexta das 08h às 12h e das 13h às 17h.","Saúde Bucal":"Unidade de Referência para Atendimento Odontológico: US Assis Brasil","Hospital de Referência para Obstetria:":"CONCEIÇÃO","Longitude":"-51.1040991","Latitude":"-30.0005673"}},{"type":"Feature","geometry":{"type":"Point","coordinates":[-51.0881116,-30.2386894,0]},"properties":{"name":"US Lami","description":{"@type":"html","value":"Coordenadoria de Saúde: SUL<br>Distrito Sanitário: EXTREMO SUL<br>CNES: 2264560<br>Vínculo: HVN<br>Endereço: Rua Nova Olinda, 202 – Bairro Lami<br>Telefones: (51) 3289-2687 (WhatsApp) / 3289-5592 / 3289-5024<br>Horário de Atendimento: De segunda à sexta das 07h às 19h. Fechada para reunião  mensal 1° terça-feira das 13h30 às 15h30.<br>Saúde Bucal: Unidade com Atendimento Odontológico<br>Hospital de Referência para Obstetria:: HMIPV<br>Longitude: -51.0881116<br>Latitude: -30.2386894"},"styleUrl":"#icon-1603-0288D1","icon-opacity":1,"icon-color":"#0288d1","icon-scale":1,"icon":"https://www.gstatic.com/mapspro/images/stock/503-wht-blank_maps.png","Coordenadoria de Saúde":"SUL","Distrito Sanitário":"EXTREMO SUL","CNES":"2264560.0","Vínculo":"HVN","Endereço":"Rua Nova Olinda, 202 – Bairro Lami","Telefones":"(51) 3289-2687 (WhatsApp) / 3289-5592 / 3289-5024","Horário de Atendimento":"De segunda à sexta das 07h às 19h. Fechada para reunião  mensal 1° terça-feira das 13h30 às 15h30.","Saúde Bucal":"Unidade com Atendimento Odontológico","Hospital de Referência para Obstetria:":"HMIPV","Longitude":"-51.0881116","Latitude":"-30.2386894"}},{"type":"Feature","geometry":{"type":"Point","coordinates":[-51.1293002,-30.0468971,0]},"properties":{"name":"US Laranjeiras","description":{"@type":"html","value":"Coordenadoria de Saúde: LESTE<br>Distrito Sanitário: LESTE<br>CNES: 2264803<br>Vínculo: HDP<br>Endereço: Rua 5, número 24 - Bairro Morro Santana<br>Telefones: (51) 3289-5027 (WhatsApp) / 3397-0510<br>Horário de Atendimento: De segunda à sexta das 08h às 12h e das 13h às 17h.<br>Saúde Bucal: Unidade de Referência para Atendimento Odontológico: US Morro Santana<br>Hospital de Referência para Obstetria:: CONCEIÇÃO<br>Longitude: -51.1293002<br>Latitude: -30.0468971"},"styleUrl":"#icon-1603-0288D1","icon-opacity":1,"icon-color":"#0288d1","icon-scale":1,"icon":"https://www.gstatic.com/mapspro/images/stock/503-wht-blank_maps.png","Coordenadoria de Saúde":"LESTE","Distrito Sanitário":"LESTE","CNES":"2264803.0","Vínculo":"HDP","Endereço":"Rua 5, número 24 - Bairro Morro Santana","Telefones":"(51) 3289-5027 (WhatsApp) / 3397-0510","Horário de Atendimento":"De segunda à sexta das 08h às 12h e das 13h às 17h.","Saúde Bucal":"Unidade de Referência para Atendimento Odontológico: US Morro Santana","Hospital de Referência para Obstetria:":"CONCEIÇÃO","Longitude":"-51.1293002","Latitude":"-30.0468971"}},{"type":"Feature","geometry":{"type":"Point","coordinates":[-51.10881364,-30.11948627,0]},"properties":{"name":"US Lomba do Pinheiro","description":{"@type":"html","value":"Coordenadoria de Saúde: LESTE<br>Distrito Sanitário: LOMBA DO PINHEIRO<br>CNES: 5473810<br>Vínculo: HDP<br>Endereço: Estrada João de Oliveira Remião, 6111, Parada 13 - Bairro Lomba do Pinheiro<br>Telefones: (51) 3289-5562 (WhatsApp) / 3289-5563<br>Horário de Atendimento: De segunda à sexta das 08h às 17h. FECHADA PARA REUNIÃO 2º QUINTA DO MÊS 14H-16H<br>Saúde Bucal: Unidade de Referência para Atendimento Odontológico: US São Pedro<br>Hospital de Referência para Obstetria:: ISCM<br>Longitude: -51.10881364<br>Latitude: -30.11948627"},"styleUrl":"#icon-1603-0288D1","icon-opacity":1,"icon-color":"#0288d1","icon-scale":1,"icon":"https://www.gstatic.com/mapspro/images/stock/503-wht-blank_maps.png","Coordenadoria de Saúde":"LESTE","Distrito Sanitário":"LOMBA DO PINHEIRO","CNES":"5473810.0","Vínculo":"HDP","Endereço":"Estrada João de Oliveira Remião, 6111, Parada 13 - Bairro Lomba do Pinheiro","Telefones":"(51) 3289-5562 (WhatsApp) / 3289-5563","Horário de Atendimento":"De segunda à sexta das 08h às 17h. FECHADA PARA REUNIÃO 2º QUINTA DO MÊS 14H-16H","Saúde Bucal":"Unidade de Referência para Atendimento Odontológico: US São Pedro","Hospital de Referência para Obstetria:":"ISCM","Longitude":"-51.10881364","Latitude":"-30.11948627"}},{"type":"Feature","geometry":{"type":"Point","coordinates":[-51.1416443,-30.1494882,0]},"properties":{"name":"US Macedônia","description":{"@type":"html","value":"Coordenadoria de Saúde: SUL<br>Distrito Sanitário: RESTINGA<br>CNES: 2264609<br>Vínculo: HVN<br>Endereço: Av Macedônia, 750 - Bairro Restinga<br>Telefones: (51) 3289-6588 (WhatsApp) / 3289-6589<br>Horário de Atendimento: De segunda à sexta das 07h às 19h. Fechada para reunião  mensal última quinta-feira das 13h às 15h.<br>Saúde Bucal: Unidade com Atendimento Odontológico<br>Hospital de Referência para Obstetria:: HMIPV<br>Longitude: -51.1416443<br>Latitude: -30.1494882"},"styleUrl":"#icon-1603-0288D1","icon-opacity":1,"icon-color":"#0288d1","icon-scale":1,"icon":"https://www.gstatic.com/mapspro/images/stock/503-wht-blank_maps.png","Coordenadoria de Saúde":"SUL","Distrito Sanitário":"RESTINGA","CNES":"2264609.0","Vínculo":"HVN","Endereço":"Av Macedônia, 750 - Bairro Restinga","Telefones":"(51) 3289-6588 (WhatsApp) / 3289-6589","Horário de Atendimento":"De segunda à sexta das 07h às 19h. Fechada para reunião  mensal última quinta-feira das 13h às 15h.","Saúde Bucal":"Unidade com Atendimento Odontológico","Hospital de Referência para Obstetria:":"HMIPV","Longitude":"-51.1416443","Latitude":"-30.1494882"}},{"type":"Feature","geometry":{"type":"Point","coordinates":[-51.13450678,-30.09675564,0]},"properties":{"name":"US Mapa","description":{"@type":"html","value":"Coordenadoria de Saúde: LESTE<br>Distrito Sanitário: LOMBA DO PINHEIRO<br>CNES: 2237342<br>Vínculo: HDP<br>Endereço: Rua Coronel Jaime Rolemberg de Lima, 108 - Bairro Lomba do Pinheiro<br>Telefones: (51) 3289-8251 (WhatsApp) / 3289-8250 / 3289- 8260<br>Horário de Atendimento: De segunda à sexta das 07h às 19h. Fechada para Reunião de Unidade 3° quinta feira do mês das 14h as 16h<br>Saúde Bucal: Unidade com Atendimento Odontológico<br>Hospital de Referência para Obstetria:: ISCM<br>Longitude: -51.13450678<br>Latitude: -30.09675564"},"styleUrl":"#icon-1603-0288D1","icon-opacity":1,"icon-color":"#0288d1","icon-scale":1,"icon":"https://www.gstatic.com/mapspro/images/stock/503-wht-blank_maps.png","Coordenadoria de Saúde":"LESTE","Distrito Sanitário":"LOMBA DO PINHEIRO","CNES":"2237342.0","Vínculo":"HDP","Endereço":"Rua Coronel Jaime Rolemberg de Lima, 108 - Bairro Lomba do Pinheiro","Telefones":"(51) 3289-8251 (WhatsApp) / 3289-8250 / 3289- 8260","Horário de Atendimento":"De segunda à sexta das 07h às 19h. Fechada para Reunião de Unidade 3° quinta feira do mês das 14h as 16h","Saúde Bucal":"Unidade com Atendimento Odontológico","Hospital de Referência para Obstetria:":"ISCM","Longitude":"-51.13450678","Latitude":"-30.09675564"}},{"type":"Feature","geometry":{"type":"Point","coordinates":[-51.1946649,-30.0654736,0]},"properties":{"name":"US Maria da Conceição Marcelo Martins Moreira","description":{"@type":"html","value":"Coordenadoria de Saúde: LESTE<br>Distrito Sanitário: PARTENON<br>CNES: 2264269<br>Vínculo: HDP<br>Endereço: Humberto de Campos, 916 - Bairro Partenon<br>Telefones: (51) 3289-5575 (WhatsApp) / 3289-5574 / 3289-5799 / 3289-6592<br>Horário de Atendimento: De segunda à sexta das 07h às 19h. Fechada para Reunião de Unidade 3° quinta-feira do mês das 13h às 15h.<br>Saúde Bucal: Unidade com Atendimento Odontológico<br>Hospital de Referência para Obstetria:: HMIPV<br>Longitude: -51.1946649<br>Latitude: -30.0654736"},"styleUrl":"#icon-1603-0288D1","icon-opacity":1,"icon-color":"#0288d1","icon-scale":1,"icon":"https://www.gstatic.com/mapspro/images/stock/503-wht-blank_maps.png","Coordenadoria de Saúde":"LESTE","Distrito Sanitário":"PARTENON","CNES":"2264269.0","Vínculo":"HDP","Endereço":"Humberto de Campos, 916 - Bairro Partenon","Telefones":"(51) 3289-5575 (WhatsApp) / 3289-5574 / 3289-5799 / 3289-6592","Horário de Atendimento":"De segunda à sexta das 07h às 19h. Fechada para Reunião de Unidade 3° quinta-feira do mês das 13h às 15h.","Saúde Bucal":"Unidade com Atendimento Odontológico","Hospital de Referência para Obstetria:":"HMIPV","Longitude":"-51.1946649","Latitude":"-30.0654736"}},{"type":"Feature","geometry":{"type":"Point","coordinates":[-51.1978281,-29.9766848,0]},"properties":{"name":"US Mário Quintana","description":{"@type":"html","value":"Coordenadoria de Saúde: NORTE<br>Distrito Sanitário: HUMAITA/NAVEGANTES<br>CNES: 3437159<br>Vínculo: SANTA CASA<br>Endereço: Rua 698, número 106 - Bairro Farrapos<br>Telefones: (51) 3289-5681 (WhatsApp) / 3289-5291<br>Horário de Atendimento: De segunda à sexta das 08h às 17h.<br>Saúde Bucal: Unidade com Atendimento Odontológico<br>Hospital de Referência para Obstetria:: HMIPV<br>Longitude: -51.1978281<br>Latitude: -29.9766848"},"styleUrl":"#icon-1603-0288D1","icon-opacity":1,"icon-color":"#0288d1","icon-scale":1,"icon":"https://www.gstatic.com/mapspro/images/stock/503-wht-blank_maps.png","Coordenadoria de Saúde":"NORTE","Distrito Sanitário":"HUMAITA/NAVEGANTES","CNES":"3437159.0","Vínculo":"SANTA CASA","Endereço":"Rua 698, número 106 - Bairro Farrapos","Telefones":"(51) 3289-5681 (WhatsApp) / 3289-5291","Horário de Atendimento":"De segunda à sexta das 08h às 17h.","Saúde Bucal":"Unidade com Atendimento Odontológico","Hospital de Referência para Obstetria:":"HMIPV","Longitude":"-51.1978281","Latitude":"-29.9766848"}},{"type":"Feature","geometry":{"type":"Point","coordinates":[-51.1646256,-30.0515096,0]},"properties":{"name":"US Mato Sampaio","description":{"@type":"html","value":"Coordenadoria de Saúde: LESTE<br>Distrito Sanitário: LESTE<br>CNES: 2264765<br>Vínculo: HDP<br>Endereço: Rua Jayr Amaury Koebe 90,Bairro Bom Jesus<br>Telefones: (51) 3289-5783 (WhatsApp) / 3289-5784<br>Horário de Atendimento: De segunda à sexta das 07h às 19h.<br>Saúde Bucal: Unidade com Atendimento Odontológico<br>Hospital de Referência para Obstetria:: CONCEIÇÃO<br>Longitude: -51.1646256<br>Latitude: -30.0515096"},"styleUrl":"#icon-1603-0288D1","icon-opacity":1,"icon-color":"#0288d1","icon-scale":1,"icon":"https://www.gstatic.com/mapspro/images/stock/503-wht-blank_maps.png","Coordenadoria de Saúde":"LESTE","Distrito Sanitário":"LESTE","CNES":"2264765.0","Vínculo":"HDP","Endereço":"Rua Jayr Amaury Koebe 90,Bairro Bom Jesus","Telefones":"(51) 3289-5783 (WhatsApp) / 3289-5784","Horário de Atendimento":"De segunda à sexta das 07h às 19h.","Saúde Bucal":"Unidade com Atendimento Odontológico","Hospital de Referência para Obstetria:":"CONCEIÇÃO","Longitude":"-51.1646256","Latitude":"-30.0515096"}},{"type":"Feature","geometry":{"type":"Point","coordinates":[-51.1482306,-30.0594085,0]},"properties":{"name":"US Milta Rodrigues","description":{"@type":"html","value":"Coordenadoria de Saúde: LESTE<br>Distrito Sanitário: LESTE<br>CNES: 2237237<br>Vínculo: HDP<br>Endereço: Rua Comendador Eduardo Secco, 4 B - Bairro Jardim Carvalho<br>Telefones: (51) 3289-5635 (WhatsApp) /  3386-8073 / 3289-5634 / 3289-5228<br>Horário de Atendimento: De segunda à sexta das 08h às 17h.<br>Saúde Bucal: Unidade com Atendimento Odontológico<br>Hospital de Referência para Obstetria:: CONCEIÇÃO<br>Longitude: -51.1482306<br>Latitude: -30.0594085"},"styleUrl":"#icon-1603-0288D1","icon-opacity":1,"icon-color":"#0288d1","icon-scale":1,"icon":"https://www.gstatic.com/mapspro/images/stock/503-wht-blank_maps.png","Coordenadoria de Saúde":"LESTE","Distrito Sanitário":"LESTE","CNES":"2237237.0","Vínculo":"HDP","Endereço":"Rua Comendador Eduardo Secco, 4 B - Bairro Jardim Carvalho","Telefones":"(51) 3289-5635 (WhatsApp) /  3386-8073 / 3289-5634 / 3289-5228","Horário de Atendimento":"De segunda à sexta das 08h às 17h.","Saúde Bucal":"Unidade com Atendimento Odontológico","Hospital de Referência para Obstetria:":"CONCEIÇÃO","Longitude":"-51.1482306","Latitude":"-30.0594085"}},{"type":"Feature","geometry":{"type":"Point","coordinates":[-51.2191448,-30.1243819,0]},"properties":{"name":"US Monte Cristo","description":{"@type":"html","value":"Coordenadoria de Saúde: SUL<br>Distrito Sanitário: CENTRO SUL<br>CNES: 2264579<br>Vínculo: HVN<br>Endereço: Rua Alfredo da Luz Padilha, 35 - Vila Monte Cristo, Bairro Vila Nova<br>Telefones: (51) 3289-5581 (WhatsApp) / 3289-5200 / 3289-5580<br>Horário de Atendimento: De segunda à sexta das 08h às 17h. Fechada para reunião  mensal 3ª  quinta-feira 15h-17h.<br>Saúde Bucal: Unidade com Atendimento Odontológico<br>Hospital de Referência para Obstetria:: FEMINA<br>Longitude: -51.2191448<br>Latitude: -30.1243819"},"styleUrl":"#icon-1603-0288D1","icon-opacity":1,"icon-color":"#0288d1","icon-scale":1,"icon":"https://www.gstatic.com/mapspro/images/stock/503-wht-blank_maps.png","Coordenadoria de Saúde":"SUL","Distrito Sanitário":"CENTRO SUL","CNES":"2264579.0","Vínculo":"HVN","Endereço":"Rua Alfredo da Luz Padilha, 35 - Vila Monte Cristo, Bairro Vila Nova","Telefones":"(51) 3289-5581 (WhatsApp) / 3289-5200 / 3289-5580","Horário de Atendimento":"De segunda à sexta das 08h às 17h. Fechada para reunião  mensal 3ª  quinta-feira 15h-17h.","Saúde Bucal":"Unidade com Atendimento Odontológico","Hospital de Referência para Obstetria:":"FEMINA","Longitude":"-51.2191448","Latitude":"-30.1243819"}},{"type":"Feature","geometry":{"type":"Point","coordinates":[-51.176084,-30.1588624,0]},"properties":{"name":"US Moradas da Hípica","description":{"@type":"html","value":"Coordenadoria de Saúde: SUL<br>Distrito Sanitário: SUL<br>CNES: 8013632<br>Vínculo: HVN<br>Endereço: Rua Geraldo Tollens Linck, 235 - Bairro Hípica<br>Telefones: (51) 3289-5587 (WhatsApp) / 3289-5586<br>Horário de Atendimento: De segunda à sexta das 07h às 19h. Fechada para reunião  mensal 2ª  quinta-feira das 14h às 16h.<br>Saúde Bucal: Unidade com Atendimento Odontológico<br>Hospital de Referência para Obstetria:: FEMINA<br>Longitude: -51.176084<br>Latitude: -30.1588624"},"styleUrl":"#icon-1603-0288D1","icon-opacity":1,"icon-color":"#0288d1","icon-scale":1,"icon":"https://www.gstatic.com/mapspro/images/stock/503-wht-blank_maps.png","Coordenadoria de Saúde":"SUL","Distrito Sanitário":"SUL","CNES":"8013632.0","Vínculo":"HVN","Endereço":"Rua Geraldo Tollens Linck, 235 - Bairro Hípica","Telefones":"(51) 3289-5587 (WhatsApp) / 3289-5586","Horário de Atendimento":"De segunda à sexta das 07h às 19h. Fechada para reunião  mensal 2ª  quinta-feira das 14h às 16h.","Saúde Bucal":"Unidade com Atendimento Odontológico","Hospital de Referência para Obstetria:":"FEMINA","Longitude":"-51.176084","Latitude":"-30.1588624"}},{"type":"Feature","geometry":{"type":"Point","coordinates":[-51.1612664,-30.0760929,0]},"properties":{"name":"US Morro da Cruz","description":{"@type":"html","value":"Coordenadoria de Saúde: LESTE<br>Distrito Sanitário: PARTENON<br>CNES: 8006873<br>Vínculo: HDP<br>Endereço: Travessa 25 de Julho, 1526 - Bairro Partenon<br>Telefones: (51) 3289-5720 (WhatsApp) / 3289-5719<br>Horário de Atendimento: De segunda à sexta das 08h às 17h. Fechada para Reunião de Unidade ultima quinta do mês das 13h às 15h<br>Saúde Bucal: Unidade com Atendimento Odontológico<br>Hospital de Referência para Obstetria:: HMIPV<br>Longitude: -51.1612664<br>Latitude: -30.0760929"},"styleUrl":"#icon-1603-0288D1","icon-opacity":1,"icon-color":"#0288d1","icon-scale":1,"icon":"https://www.gstatic.com/mapspro/images/stock/503-wht-blank_maps.png","Coordenadoria de Saúde":"LESTE","Distrito Sanitário":"PARTENON","CNES":"8006873.0","Vínculo":"HDP","Endereço":"Travessa 25 de Julho, 1526 - Bairro Partenon","Telefones":"(51) 3289-5720 (WhatsApp) / 3289-5719","Horário de Atendimento":"De segunda à sexta das 08h às 17h. Fechada para Reunião de Unidade ultima quinta do mês das 13h às 15h","Saúde Bucal":"Unidade com Atendimento Odontológico","Hospital de Referência para Obstetria:":"HMIPV","Longitude":"-51.1612664","Latitude":"-30.0760929"}},{"type":"Feature","geometry":{"type":"Point","coordinates":[-51.2279582,-30.1651536,0]},"properties":{"name":"US Morro dos Sargentos","description":{"@type":"html","value":"Coordenadoria de Saúde: SUL<br>Distrito Sanitário: SUL<br>CNES: 2264439<br>Vínculo: HVN<br>Endereço: Rua Argemiro Ogando Corrêa, 330 - Bairro Serraria<br>Telefones: (51) 3289-5495 (WhatsApp) / 3289-5494 / 3289-5496<br>Horário de Atendimento: De segunda à sexta das 08h às 17h. Fechada para reunião  mensal 3ª  quinta-feira das 15h às 17h.<br>Saúde Bucal: Unidade com Atendimento Odontológico<br>Hospital de Referência para Obstetria:: FEMINA<br>Longitude: -51.2279582<br>Latitude: -30.1651536"},"styleUrl":"#icon-1603-0288D1","icon-opacity":1,"icon-color":"#0288d1","icon-scale":1,"icon":"https://www.gstatic.com/mapspro/images/stock/503-wht-blank_maps.png","Coordenadoria de Saúde":"SUL","Distrito Sanitário":"SUL","CNES":"2264439.0","Vínculo":"HVN","Endereço":"Rua Argemiro Ogando Corrêa, 330 - Bairro Serraria","Telefones":"(51) 3289-5495 (WhatsApp) / 3289-5494 / 3289-5496","Horário de Atendimento":"De segunda à sexta das 08h às 17h. Fechada para reunião  mensal 3ª  quinta-feira das 15h às 17h.","Saúde Bucal":"Unidade com Atendimento Odontológico","Hospital de Referência para Obstetria:":"FEMINA","Longitude":"-51.2279582","Latitude":"-30.1651536"}},{"type":"Feature","geometry":{"type":"Point","coordinates":[-51.2162817,-30.0908477,0]},"properties":{"name":"US Nonoai","description":{"@type":"html","value":"Coordenadoria de Saúde: SUL<br>Distrito Sanitário: CENTRO SUL<br>CNES: 2265001<br>Vínculo: HVN<br>Endereço: Rua Erechim, 985 - Bairro Nonoai<br>Telefones: (51) 3289-5539 (WhatsApp) / 3289-5540 / 3289-5604<br>Horário de Atendimento: De segunda à sexta das 08h às 17h. Fechada para reunião  mensal 2ª  quinta-feira das 14h às 16h.<br>Saúde Bucal: Unidade com Atendimento Odontológico<br>Hospital de Referência para Obstetria:: FEMINA<br>Longitude: -51.2162817<br>Latitude: -30.0908477"},"styleUrl":"#icon-1603-0288D1","icon-opacity":1,"icon-color":"#0288d1","icon-scale":1,"icon":"https://www.gstatic.com/mapspro/images/stock/503-wht-blank_maps.png","Coordenadoria de Saúde":"SUL","Distrito Sanitário":"CENTRO SUL","CNES":"2265001.0","Vínculo":"HVN","Endereço":"Rua Erechim, 985 - Bairro Nonoai","Telefones":"(51) 3289-5539 (WhatsApp) / 3289-5540 / 3289-5604","Horário de Atendimento":"De segunda à sexta das 08h às 17h. Fechada para reunião  mensal 2ª  quinta-feira das 14h às 16h.","Saúde Bucal":"Unidade com Atendimento Odontológico","Hospital de Referência para Obstetria:":"FEMINA","Longitude":"-51.2162817","Latitude":"-30.0908477"}},{"type":"Feature","geometry":{"type":"Point","coordinates":[-51.1168529,-29.9886944,0]},"properties":{"name":"US Nossa Senhora Aparecida","description":{"@type":"html","value":"Coordenadoria de Saúde: NORTE<br>Distrito Sanitário: NORTE<br>CNES: 2265206<br>Vínculo: GHC<br>Endereço: Beco José Paris, 235 - Bairro Sarandi<br>Telefones: (51) 3364-1428 (WhatsApp)<br>Horário de Atendimento: De segunda à sexta das 07h às 20h. Fechada para reunião de equipe Semanal Quarta-feira das 12h às 14h.<br>Saúde Bucal: Unidade com Atendimento Odontológico<br>Hospital de Referência para Obstetria:: CONCEIÇÃO<br>Longitude: -51.1168529<br>Latitude: -29.9886944"},"styleUrl":"#icon-1603-0288D1","icon-opacity":1,"icon-color":"#0288d1","icon-scale":1,"icon":"https://www.gstatic.com/mapspro/images/stock/503-wht-blank_maps.png","Coordenadoria de Saúde":"NORTE","Distrito Sanitário":"NORTE","CNES":"2265206.0","Vínculo":"GHC","Endereço":"Beco José Paris, 235 - Bairro Sarandi","Telefones":"(51) 3364-1428 (WhatsApp)","Horário de Atendimento":"De segunda à sexta das 07h às 20h. Fechada para reunião de equipe Semanal Quarta-feira das 12h às 14h.","Saúde Bucal":"Unidade com Atendimento Odontológico","Hospital de Referência para Obstetria:":"CONCEIÇÃO","Longitude":"-51.1168529","Latitude":"-29.9886944"}},{"type":"Feature","geometry":{"type":"Point","coordinates":[-51.2370525,-30.0937876,0]},"properties":{"name":"US Nossa Senhora das Graças","description":{"@type":"html","value":"Coordenadoria de Saúde: OESTE<br>Distrito Sanitário: CRISTAL<br>CNES: 3306453<br>Vínculo: IB SAUDE<br>Endereço: Rua Diomario Moojen, 100 - Bairro Cristal<br>Telefones: (51) 3289-5552 (WhatsApp) / 3289-5553<br>Horário de Atendimento: De segunda à sexta das 08h às 12h e das 13h às 17h. Reunião de unidade e equipe são concomitantes (US fechada): SEMANAL - todas as quintas-feiras das 13 às 14h<br>Saúde Bucal: Unidade com Atendimento Odontológico<br>Hospital de Referência para Obstetria:: HCPA<br>Longitude: -51.2370525<br>Latitude: -30.0937876"},"styleUrl":"#icon-1603-0288D1","icon-opacity":1,"icon-color":"#0288d1","icon-scale":1,"icon":"https://www.gstatic.com/mapspro/images/stock/503-wht-blank_maps.png","Coordenadoria de Saúde":"OESTE","Distrito Sanitário":"CRISTAL","CNES":"3306453.0","Vínculo":"IB SAUDE","Endereço":"Rua Diomario Moojen, 100 - Bairro Cristal","Telefones":"(51) 3289-5552 (WhatsApp) / 3289-5553","Horário de Atendimento":"De segunda à sexta das 08h às 12h e das 13h às 17h. Reunião de unidade e equipe são concomitantes (US fechada): SEMANAL - todas as quintas-feiras das 13 às 14h","Saúde Bucal":"Unidade com Atendimento Odontológico","Hospital de Referência para Obstetria:":"HCPA","Longitude":"-51.2370525","Latitude":"-30.0937876"}},{"type":"Feature","geometry":{"type":"Point","coordinates":[-51.1796145,-30.1155416,0]},"properties":{"name":"US Nossa Senhora de Belém","description":{"@type":"html","value":"Coordenadoria de Saúde: OESTE<br>Distrito Sanitário: GLORIA<br>CNES: 6130917<br>Vínculo: IB SAUDE<br>Endereço: Rua João do Couto, 294 - Bairro Belém Velho<br>Telefones: (51) 3289-5583 (WhatsApp) / 3289-5582<br>Horário de Atendimento: De segunda à sexta das 07h às 19h. Fechada na 1° quinta-feira mês para reunião de unidade das 14 às 16h.<br>Saúde Bucal: Unidade com Atendimento Odontológico<br>Hospital de Referência para Obstetria:: HCPA<br>Longitude: -51.1796145<br>Latitude: -30.1155416"},"styleUrl":"#icon-1603-0288D1","icon-opacity":1,"icon-color":"#0288d1","icon-scale":1,"icon":"https://www.gstatic.com/mapspro/images/stock/503-wht-blank_maps.png","Coordenadoria de Saúde":"OESTE","Distrito Sanitário":"GLORIA","CNES":"6130917.0","Vínculo":"IB SAUDE","Endereço":"Rua João do Couto, 294 - Bairro Belém Velho","Telefones":"(51) 3289-5583 (WhatsApp) / 3289-5582","Horário de Atendimento":"De segunda à sexta das 07h às 19h. Fechada na 1° quinta-feira mês para reunião de unidade das 14 às 16h.","Saúde Bucal":"Unidade com Atendimento Odontológico","Hospital de Referência para Obstetria:":"HCPA","Longitude":"-51.1796145","Latitude":"-30.1155416"}},{"type":"Feature","geometry":{"type":"Point","coordinates":[-51.134672,-29.982424,0]},"properties":{"name":"US Nova Brasília","description":{"@type":"html","value":"Coordenadoria de Saúde: NORTE<br>Distrito Sanitário: NORTE<br>CNES: 2264633<br>Vínculo: SANTA CASA<br>Endereço: Rua Vieira da Silva, 1016 - Bairro Sarandi<br>Telefones: (51) 3289-5644 (WhatsApp) / 3289-5645 / 3289-8253<br>Horário de Atendimento: De segunda à sexta das 07h às 19h.<br>Saúde Bucal: Unidade com Atendimento Odontológico<br>Hospital de Referência para Obstetria:: CONCEIÇÃO<br>Longitude: -51.134672<br>Latitude: -29.982424"},"styleUrl":"#icon-1603-0288D1","icon-opacity":1,"icon-color":"#0288d1","icon-scale":1,"icon":"https://www.gstatic.com/mapspro/images/stock/503-wht-blank_maps.png","Coordenadoria de Saúde":"NORTE","Distrito Sanitário":"NORTE","CNES":"2264633.0","Vínculo":"SANTA CASA","Endereço":"Rua Vieira da Silva, 1016 - Bairro Sarandi","Telefones":"(51) 3289-5644 (WhatsApp) / 3289-5645 / 3289-8253","Horário de Atendimento":"De segunda à sexta das 07h às 19h.","Saúde Bucal":"Unidade com Atendimento Odontológico","Hospital de Referência para Obstetria:":"CONCEIÇÃO","Longitude":"-51.134672","Latitude":"-29.982424"}},{"type":"Feature","geometry":{"type":"Point","coordinates":[-51.0912295,-29.9965736,0]},"properties":{"name":"US Nova Gleba","description":{"@type":"html","value":"Coordenadoria de Saúde: NORTE<br>Distrito Sanitário: NORTE<br>CNES: 2264641<br>Vínculo: SANTA CASA<br>Endereço: Rua Paulo Henrique TenCaten, 171 - Bairro Rubem Berta<br>Telefones: (51) 3289-5629 (WhatsApp)<br>Horário de Atendimento: De segunda à sexta das 08h às 12h e das 13h às 17h.<br>Saúde Bucal: Unidade de Referência para Atendimento Odontológico: US São Borja<br>Hospital de Referência para Obstetria:: CONCEIÇÃO<br>Longitude: -51.0912295<br>Latitude: -29.9965736"},"styleUrl":"#icon-1603-0288D1","icon-opacity":1,"icon-color":"#0288d1","icon-scale":1,"icon":"https://www.gstatic.com/mapspro/images/stock/503-wht-blank_maps.png","Coordenadoria de Saúde":"NORTE","Distrito Sanitário":"NORTE","CNES":"2264641.0","Vínculo":"SANTA CASA","Endereço":"Rua Paulo Henrique TenCaten, 171 - Bairro Rubem Berta","Telefones":"(51) 3289-5629 (WhatsApp)","Horário de Atendimento":"De segunda à sexta das 08h às 12h e das 13h às 17h.","Saúde Bucal":"Unidade de Referência para Atendimento Odontológico: US São Borja","Hospital de Referência para Obstetria:":"CONCEIÇÃO","Longitude":"-51.0912295","Latitude":"-29.9965736"}},{"type":"Feature","geometry":{"type":"Point","coordinates":[-51.1339228,-30.1583414,0]},"properties":{"name":"US Núcleo Esperança","description":{"@type":"html","value":"Coordenadoria de Saúde: SUL<br>Distrito Sanitário: RESTINGA<br>CNES: 7497547<br>Vínculo: HVN<br>Endereço: R 7114, 23 - Bairro Restinga<br>Telefones: (51) 3289-5703 (WhatsApp) / 3289-6582 / 3289-5703<br>Horário de Atendimento: De segunda à sexta das 08h às 17h. Fechada para reunião  mensal 2ª  quinta-feira das 15h às 17h.<br>Saúde Bucal: Unidade com Atendimento Odontológico<br>Hospital de Referência para Obstetria:: HMIPV<br>Longitude: -51.1339228<br>Latitude: -30.1583414"},"styleUrl":"#icon-1603-0288D1","icon-opacity":1,"icon-color":"#0288d1","icon-scale":1,"icon":"https://www.gstatic.com/mapspro/images/stock/503-wht-blank_maps.png","Coordenadoria de Saúde":"SUL","Distrito Sanitário":"RESTINGA","CNES":"7497547.0","Vínculo":"HVN","Endereço":"R 7114, 23 - Bairro Restinga","Telefones":"(51) 3289-5703 (WhatsApp) / 3289-6582 / 3289-5703","Horário de Atendimento":"De segunda à sexta das 08h às 17h. Fechada para reunião  mensal 2ª  quinta-feira das 15h às 17h.","Saúde Bucal":"Unidade com Atendimento Odontológico","Hospital de Referência para Obstetria:":"HMIPV","Longitude":"-51.1339228","Latitude":"-30.1583414"}},{"type":"Feature","geometry":{"type":"Point","coordinates":[-51.2188531,-30.0783785,0]},"properties":{"name":"US Osmar Freitas","description":{"@type":"html","value":"Coordenadoria de Saúde: OESTE<br>Distrito Sanitário: CRUZEIRO<br>CNES: 2237512<br>Vínculo: IB SAUDE<br>Endereço: Rua Jorge Simon, 146 - Bairro Santa Tereza<br>Telefones: (51) 3289-5490 / 3289-8198 (WhatsApp)<br>Horário de Atendimento: De segunda à sexta das 08h às 12h e das 13h às 17h. Reunião de unidade (US fechada): MENSAL - última quinta-feira do mês das 15 às 17h / Reunião de equipe (US aberta): SEMANAL - quintas-feiras I: das 10 às 11h II: das 11 às 12h<br>Saúde Bucal: Unidade com Atendimento Odontológico<br>Hospital de Referência para Obstetria:: HCPA<br>Longitude: -51.2188531<br>Latitude: -30.0783785"},"styleUrl":"#icon-1603-0288D1","icon-opacity":1,"icon-color":"#0288d1","icon-scale":1,"icon":"https://www.gstatic.com/mapspro/images/stock/503-wht-blank_maps.png","Coordenadoria de Saúde":"OESTE","Distrito Sanitário":"CRUZEIRO","CNES":"2237512.0","Vínculo":"IB SAUDE","Endereço":"Rua Jorge Simon, 146 - Bairro Santa Tereza","Telefones":"(51) 3289-5490 / 3289-8198 (WhatsApp)","Horário de Atendimento":"De segunda à sexta das 08h às 12h e das 13h às 17h. Reunião de unidade (US fechada): MENSAL - última quinta-feira do mês das 15 às 17h / Reunião de equipe (US aberta): SEMANAL - quintas-feiras I: das 10 às 11h II: das 11 às 12h","Saúde Bucal":"Unidade com Atendimento Odontológico","Hospital de Referência para Obstetria:":"HCPA","Longitude":"-51.2188531","Latitude":"-30.0783785"}},{"type":"Feature","geometry":{"type":"Point","coordinates":[-51.1047032,-30.1250057,0]},"properties":{"name":"US Panorama","description":{"@type":"html","value":"Coordenadoria de Saúde: LESTE<br>Distrito Sanitário: LOMBA DO PINHEIRO<br>CNES: 5878632<br>Vínculo: HDP<br>Endereço: Rua Rômulo da Silva Pinheiro , S/N , parada 16 Lomba do Pinheiro<br>Telefones: (51) 3289-8247 (WhatsApp) / 3289-8223 / 3289-8224 / 3289-8248<br>Horário de Atendimento: De segunda à sexta das 07h às 19h. Fechada para Reunião de Unidade 3° quinta feira do mês das 14h as 16h<br>Saúde Bucal: Unidade com Atendimento Odontológico<br>Hospital de Referência para Obstetria:: ISCM<br>Longitude: -51.1047032<br>Latitude: -30.1250057"},"styleUrl":"#icon-1603-0288D1","icon-opacity":1,"icon-color":"#0288d1","icon-scale":1,"icon":"https://www.gstatic.com/mapspro/images/stock/503-wht-blank_maps.png","Coordenadoria de Saúde":"LESTE","Distrito Sanitário":"LOMBA DO PINHEIRO","CNES":"5878632.0","Vínculo":"HDP","Endereço":"Rua Rômulo da Silva Pinheiro , S/N , parada 16 Lomba do Pinheiro","Telefones":"(51) 3289-8247 (WhatsApp) / 3289-8223 / 3289-8224 / 3289-8248","Horário de Atendimento":"De segunda à sexta das 07h às 19h. Fechada para Reunião de Unidade 3° quinta feira do mês das 14h as 16h","Saúde Bucal":"Unidade com Atendimento Odontológico","Hospital de Referência para Obstetria:":"ISCM","Longitude":"-51.1047032","Latitude":"-30.1250057"}},{"type":"Feature","geometry":{"type":"Point","coordinates":[-51.0971121,-30.004471,0]},"properties":{"name":"US Parque dos Maias","description":{"@type":"html","value":"Coordenadoria de Saúde: NORTE<br>Distrito Sanitário: NORTE<br>CNES: 2265095<br>Vínculo: GHC<br>Endereço: Rua Francisco Galecki, 165 - Bairro Rubem Berta<br>Telefones: (51) 3362-2165 (WhatsApp)<br>Horário de Atendimento: De segunda à sexta das 07h às 22h. Fechada para reunião de equipe Semanal quarta-feira das 12h às 14h.<br>Saúde Bucal: Unidade com Atendimento Odontológico<br>Hospital de Referência para Obstetria:: CONCEIÇÃO<br>Longitude: -51.0971121<br>Latitude: -30.004471"},"styleUrl":"#icon-1603-0288D1","icon-opacity":1,"icon-color":"#0288d1","icon-scale":1,"icon":"https://www.gstatic.com/mapspro/images/stock/503-wht-blank_maps.png","Coordenadoria de Saúde":"NORTE","Distrito Sanitário":"NORTE","CNES":"2265095.0","Vínculo":"GHC","Endereço":"Rua Francisco Galecki, 165 - Bairro Rubem Berta","Telefones":"(51) 3362-2165 (WhatsApp)","Horário de Atendimento":"De segunda à sexta das 07h às 22h. Fechada para reunião de equipe Semanal quarta-feira das 12h às 14h.","Saúde Bucal":"Unidade com Atendimento Odontológico","Hospital de Referência para Obstetria:":"CONCEIÇÃO","Longitude":"-51.0971121","Latitude":"-30.004471"}},{"type":"Feature","geometry":{"type":"Point","coordinates":[-51.126588,-30.0169034,0]},"properties":{"name":"US Passo das Pedras I","description":{"@type":"html","value":"Coordenadoria de Saúde: NORTE<br>Distrito Sanitário: EIXO BALTAZAR<br>CNES: 2265214<br>Vínculo: SANTA CASA<br>Endereço: Av. Gomes de Carvalho, 510 - Bairro Passo das Pedras<br>Telefones: (51) 3289-5694 (WhatsApp) / 3289-8254<br>Horário de Atendimento: De segunda à sexta das 07h às 19h. Fechada reunião equipe 1º quinta feira do mês 14h às 16h<br>Saúde Bucal: Unidade com Atendimento Odontológico<br>Hospital de Referência para Obstetria:: CONCEIÇÃO<br>Longitude: -51.126588<br>Latitude: -30.0169034"},"styleUrl":"#icon-1603-0288D1","icon-opacity":1,"icon-color":"#0288d1","icon-scale":1,"icon":"https://www.gstatic.com/mapspro/images/stock/503-wht-blank_maps.png","Coordenadoria de Saúde":"NORTE","Distrito Sanitário":"EIXO BALTAZAR","CNES":"2265214.0","Vínculo":"SANTA CASA","Endereço":"Av. Gomes de Carvalho, 510 - Bairro Passo das Pedras","Telefones":"(51) 3289-5694 (WhatsApp) / 3289-8254","Horário de Atendimento":"De segunda à sexta das 07h às 19h. Fechada reunião equipe 1º quinta feira do mês 14h às 16h","Saúde Bucal":"Unidade com Atendimento Odontológico","Hospital de Referência para Obstetria:":"CONCEIÇÃO","Longitude":"-51.126588","Latitude":"-30.0169034"}},{"type":"Feature","geometry":{"type":"Point","coordinates":[-51.1226695,-30.0229407,0]},"properties":{"name":"US Passo das Pedras II","description":{"@type":"html","value":"Coordenadoria de Saúde: NORTE<br>Distrito Sanitário: EIXO BALTAZAR<br>CNES: 2264250<br>Vínculo: SANTA CASA<br>Endereço: Av. 10 de Maio, 255 - Bairro Passo das Pedras<br>Telefones: (51) 3289-8200 (WhatsApp)<br>Horário de Atendimento: De segunda à sexta das 08h às 12h e das 13h às 17h.<br>Saúde Bucal: Unidade de Referência para Atendimento Odontológico: US Passo das Pedras I<br>Hospital de Referência para Obstetria:: CONCEIÇÃO<br>Longitude: -51.1226695<br>Latitude: -30.0229407"},"styleUrl":"#icon-1603-0288D1","icon-opacity":1,"icon-color":"#0288d1","icon-scale":1,"icon":"https://www.gstatic.com/mapspro/images/stock/503-wht-blank_maps.png","Coordenadoria de Saúde":"NORTE","Distrito Sanitário":"EIXO BALTAZAR","CNES":"2264250.0","Vínculo":"SANTA CASA","Endereço":"Av. 10 de Maio, 255 - Bairro Passo das Pedras","Telefones":"(51) 3289-8200 (WhatsApp)","Horário de Atendimento":"De segunda à sexta das 08h às 12h e das 13h às 17h.","Saúde Bucal":"Unidade de Referência para Atendimento Odontológico: US Passo das Pedras I","Hospital de Referência para Obstetria:":"CONCEIÇÃO","Longitude":"-51.1226695","Latitude":"-30.0229407"}},{"type":"Feature","geometry":{"type":"Point","coordinates":[-51.2139303,-30.1308717,0]},"properties":{"name":"US Paulo Ávila","description":{"@type":"html","value":"Coordenadoria de Saúde: SUL<br>Distrito Sanitário: CENTRO SUL<br>CNES: 7517904<br>Vínculo: HVN<br>Endereço: Rua Paulo Maciel, 220 - Bairro Cavalhada<br>Telefones: (51) 3289-6587 (WhatsApp) / 3289-5661<br>Horário de Atendimento: De segunda à sexta das 07h às 19h. Fechada para reunião  mensal 2ª  quinta-feira das 14h às 16h.<br>Saúde Bucal: Unidade com Atendimento Odontológico<br>Hospital de Referência para Obstetria:: FEMINA<br>Longitude: -51.2139303<br>Latitude: -30.1308717"},"styleUrl":"#icon-1603-0288D1","icon-opacity":1,"icon-color":"#0288d1","icon-scale":1,"icon":"https://www.gstatic.com/mapspro/images/stock/503-wht-blank_maps.png","Coordenadoria de Saúde":"SUL","Distrito Sanitário":"CENTRO SUL","CNES":"7517904.0","Vínculo":"HVN","Endereço":"Rua Paulo Maciel, 220 - Bairro Cavalhada","Telefones":"(51) 3289-6587 (WhatsApp) / 3289-5661","Horário de Atendimento":"De segunda à sexta das 07h às 19h. Fechada para reunião  mensal 2ª  quinta-feira das 14h às 16h.","Saúde Bucal":"Unidade com Atendimento Odontológico","Hospital de Referência para Obstetria:":"FEMINA","Longitude":"-51.2139303","Latitude":"-30.1308717"}},{"type":"Feature","geometry":{"type":"Point","coordinates":[-51.1364681,-30.2112461,0]},"properties":{"name":"US Paulo Viaro","description":{"@type":"html","value":"Coordenadoria de Saúde: SUL<br>Distrito Sanitário: EXTREMO SUL<br>CNES: 6676227<br>Vínculo: HVN<br>Endereço: Av do Lami, 4288 - Bairro Boa Vista do Sul<br>Telefones: (51) 3289-5725 (WhatsApp) / 3289-5726 / 3289-6579<br>Horário de Atendimento: De segunda à sexta das 07h às 19h. Fechada para reunião  mensal 3ª  quinta-feira das 14h às 16h.<br>Saúde Bucal: Unidade com Atendimento Odontológico<br>Hospital de Referência para Obstetria:: HMIPV<br>Longitude: -51.1364681<br>Latitude: -30.2112461"},"styleUrl":"#icon-1603-0288D1","icon-opacity":1,"icon-color":"#0288d1","icon-scale":1,"icon":"https://www.gstatic.com/mapspro/images/stock/503-wht-blank_maps.png","Coordenadoria de Saúde":"SUL","Distrito Sanitário":"EXTREMO SUL","CNES":"6676227.0","Vínculo":"HVN","Endereço":"Av do Lami, 4288 - Bairro Boa Vista do Sul","Telefones":"(51) 3289-5725 (WhatsApp) / 3289-5726 / 3289-6579","Horário de Atendimento":"De segunda à sexta das 07h às 19h. Fechada para reunião  mensal 3ª  quinta-feira das 14h às 16h.","Saúde Bucal":"Unidade com Atendimento Odontológico","Hospital de Referência para Obstetria:":"HMIPV","Longitude":"-51.1364681","Latitude":"-30.2112461"}},{"type":"Feature","geometry":{"type":"Point","coordinates":[-51.0999776,-30.1458503,0]},"properties":{"name":"US Pitinga","description":{"@type":"html","value":"Coordenadoria de Saúde: SUL<br>Distrito Sanitário: RESTINGA<br>CNES: 2264749<br>Vínculo: HVN<br>Endereço: Rua Marco Antonio Veiga Pereira, 500 - Bairro Pitinga<br>Telefones: (51) 3289 5715 (WhatsApp) / 3289-6581 / 3289-5716 / 3289-6580<br>Horário de Atendimento: De segunda à sexta das 08h às 12h e das 13h às 17h. Fechada para reunião de equipe. todas as  quinta-feira das 16h às 17h.<br>Saúde Bucal: Unidade de Referência para Atendimento Odontológico: CF José Mauro Ceratti<br>Hospital de Referência para Obstetria:: HMIPV<br>Longitude: -51.0999776<br>Latitude: -30.1458503"},"styleUrl":"#icon-1603-0288D1","icon-opacity":1,"icon-color":"#0288d1","icon-scale":1,"icon":"https://www.gstatic.com/mapspro/images/stock/503-wht-blank_maps.png","Coordenadoria de Saúde":"SUL","Distrito Sanitário":"RESTINGA","CNES":"2264749.0","Vínculo":"HVN","Endereço":"Rua Marco Antonio Veiga Pereira, 500 - Bairro Pitinga","Telefones":"(51) 3289 5715 (WhatsApp) / 3289-6581 / 3289-5716 / 3289-6580","Horário de Atendimento":"De segunda à sexta das 08h às 12h e das 13h às 17h. Fechada para reunião de equipe. todas as  quinta-feira das 16h às 17h.","Saúde Bucal":"Unidade de Referência para Atendimento Odontológico: CF José Mauro Ceratti","Hospital de Referência para Obstetria:":"HMIPV","Longitude":"-51.0999776","Latitude":"-30.1458503"}},{"type":"Feature","geometry":{"type":"Point","coordinates":[-51.1559316,-30.0704027,0]},"properties":{"name":"US Pitoresca","description":{"@type":"html","value":"Coordenadoria de Saúde: LESTE<br>Distrito Sanitário: PARTENON<br>CNES: 2237482<br>Vínculo: HDP<br>Endereço: Rua Pitoresca, 740 - Bairro Partenon<br>Telefones: (51) 3289-8204 (WhatsApp) / 3289-8205 / 3289-5229<br>Horário de Atendimento: De segunda à sexta das 08h às 17h. Fechada para Reunião de Unidade ultima terça do mes das 13h às 15h<br>Saúde Bucal: Unidade com Atendimento Odontológico<br>Hospital de Referência para Obstetria:: HMIPV<br>Longitude: -51.1559316<br>Latitude: -30.0704027"},"styleUrl":"#icon-1603-0288D1","icon-opacity":1,"icon-color":"#0288d1","icon-scale":1,"icon":"https://www.gstatic.com/mapspro/images/stock/503-wht-blank_maps.png","Coordenadoria de Saúde":"LESTE","Distrito Sanitário":"PARTENON","CNES":"2237482.0","Vínculo":"HDP","Endereço":"Rua Pitoresca, 740 - Bairro Partenon","Telefones":"(51) 3289-8204 (WhatsApp) / 3289-8205 / 3289-5229","Horário de Atendimento":"De segunda à sexta das 08h às 17h. Fechada para Reunião de Unidade ultima terça do mes das 13h às 15h","Saúde Bucal":"Unidade com Atendimento Odontológico","Hospital de Referência para Obstetria:":"HMIPV","Longitude":"-51.1559316","Latitude":"-30.0704027"}},{"type":"Feature","geometry":{"type":"Point","coordinates":[-51.205834,-30.1839536,0]},"properties":{"name":"US Ponta Grossa","description":{"@type":"html","value":"Coordenadoria de Saúde: SUL<br>Distrito Sanitário: EXTREMO SUL<br>CNES: 2264455<br>Vínculo: HVN<br>Endereço: Estrada da Ponta Grossa, 3023 – Bairro Ponta Grossa<br>Telefones: (51) 3289-6565 (WhatsApp) / 3289-5591<br>Horário de Atendimento: De segunda à sexta das 07h às 19h. Fechada para reunião  mensal última quinta-feira das 14h às 16h.<br>Saúde Bucal: Unidade com Atendimento Odontológico<br>Hospital de Referência para Obstetria:: HMIPV<br>Longitude: -51.205834<br>Latitude: -30.1839536"},"styleUrl":"#icon-1603-0288D1","icon-opacity":1,"icon-color":"#0288d1","icon-scale":1,"icon":"https://www.gstatic.com/mapspro/images/stock/503-wht-blank_maps.png","Coordenadoria de Saúde":"SUL","Distrito Sanitário":"EXTREMO SUL","CNES":"2264455.0","Vínculo":"HVN","Endereço":"Estrada da Ponta Grossa, 3023 – Bairro Ponta Grossa","Telefones":"(51) 3289-6565 (WhatsApp) / 3289-5591","Horário de Atendimento":"De segunda à sexta das 07h às 19h. Fechada para reunião  mensal última quinta-feira das 14h às 16h.","Saúde Bucal":"Unidade com Atendimento Odontológico","Hospital de Referência para Obstetria:":"HMIPV","Longitude":"-51.205834","Latitude":"-30.1839536"}},{"type":"Feature","geometry":{"type":"Point","coordinates":[-51.1301951,-30.1470468,0]},"properties":{"name":"US Quinta Unidade","description":{"@type":"html","value":"Coordenadoria de Saúde: SUL<br>Distrito Sanitário: RESTINGA<br>CNES: 2264234<br>Vínculo: HVN<br>Endereço: Rua São João Calábria, 20 - Bairro Restinga<br>Telefones: (51) 3289-5588 (WhatsApp)<br>Horário de Atendimento: De segunda à sexta das 08h às 17h. Fechada para reunião  mensal 4ª  quinta-feira das 15h às 17h.<br>Saúde Bucal: Unidade com Atendimento Odontológico<br>Hospital de Referência para Obstetria:: HMIPV<br>Longitude: -51.1301951<br>Latitude: -30.1470468"},"styleUrl":"#icon-1603-0288D1","icon-opacity":1,"icon-color":"#0288d1","icon-scale":1,"icon":"https://www.gstatic.com/mapspro/images/stock/503-wht-blank_maps.png","Coordenadoria de Saúde":"SUL","Distrito Sanitário":"RESTINGA","CNES":"2264234.0","Vínculo":"HVN","Endereço":"Rua São João Calábria, 20 - Bairro Restinga","Telefones":"(51) 3289-5588 (WhatsApp)","Horário de Atendimento":"De segunda à sexta das 08h às 17h. Fechada para reunião  mensal 4ª  quinta-feira das 15h às 17h.","Saúde Bucal":"Unidade com Atendimento Odontológico","Hospital de Referência para Obstetria:":"HMIPV","Longitude":"-51.1301951","Latitude":"-30.1470468"}},{"type":"Feature","geometry":{"type":"Point","coordinates":[-51.1076253,-30.1238964,0]},"properties":{"name":"US Recreio da Divisa","description":{"@type":"html","value":"Coordenadoria de Saúde: LESTE<br>Distrito Sanitário: LOMBA DO PINHEIRO<br>CNES: 2237350<br>Vínculo: HDP<br>Endereço: Estrada João de Oliveira Remião, 6252 - Parada 15 - Bairro Lomba do Pinheiro<br>Telefones: (51) 3289-5747 (WhatsApp) / 3289-5748 / 3336-1095<br>Horário de Atendimento: De segunda à sexta das 08h às 12h e das 13h às 17h. Fechada para Reunião de Unidade quintas feiras das 11h as 12h<br>Saúde Bucal: Unidade de Referência para Atendimento Odontológico: US Panorama<br>Hospital de Referência para Obstetria:: ISCM<br>Longitude: -51.1076253<br>Latitude: -30.1238964"},"styleUrl":"#icon-1603-0288D1","icon-opacity":1,"icon-color":"#0288d1","icon-scale":1,"icon":"https://www.gstatic.com/mapspro/images/stock/503-wht-blank_maps.png","Coordenadoria de Saúde":"LESTE","Distrito Sanitário":"LOMBA DO PINHEIRO","CNES":"2237350.0","Vínculo":"HDP","Endereço":"Estrada João de Oliveira Remião, 6252 - Parada 15 - Bairro Lomba do Pinheiro","Telefones":"(51) 3289-5747 (WhatsApp) / 3289-5748 / 3336-1095","Horário de Atendimento":"De segunda à sexta das 08h às 12h e das 13h às 17h. Fechada para Reunião de Unidade quintas feiras das 11h as 12h","Saúde Bucal":"Unidade de Referência para Atendimento Odontológico: US Panorama","Hospital de Referência para Obstetria:":"ISCM","Longitude":"-51.1076253","Latitude":"-30.1238964"}},{"type":"Feature","geometry":{"type":"Point","coordinates":[-51.1405697,-30.1585511,0]},"properties":{"name":"US Restinga","description":{"@type":"html","value":"Coordenadoria de Saúde: SUL<br>Distrito Sanitário: RESTINGA<br>CNES: 2264587<br>Vínculo: HVN<br>Endereço: Rua Abolição, 850 – Bairro Restinga<br>Telefones: (51) 3289-2699 (WhatsApp) / 3289-6585 / 3289-5501 / 3289-5239<br>Horário de Atendimento: De segunda à sexta das 07h às 18h. Fechada para reunião  mensal 3ª  terça-feira das 15h às 17h.<br>Saúde Bucal: Unidade com Atendimento Odontológico<br>Hospital de Referência para Obstetria:: HMIPV<br>Longitude: -51.1405697<br>Latitude: -30.1585511"},"styleUrl":"#icon-1603-0288D1","icon-opacity":1,"icon-color":"#0288d1","icon-scale":1,"icon":"https://www.gstatic.com/mapspro/images/stock/503-wht-blank_maps.png","Coordenadoria de Saúde":"SUL","Distrito Sanitário":"RESTINGA","CNES":"2264587.0","Vínculo":"HVN","Endereço":"Rua Abolição, 850 – Bairro Restinga","Telefones":"(51) 3289-2699 (WhatsApp) / 3289-6585 / 3289-5501 / 3289-5239","Horário de Atendimento":"De segunda à sexta das 07h às 18h. Fechada para reunião  mensal 3ª  terça-feira das 15h às 17h.","Saúde Bucal":"Unidade com Atendimento Odontológico","Hospital de Referência para Obstetria:":"HMIPV","Longitude":"-51.1405697","Latitude":"-30.1585511"}},{"type":"Feature","geometry":{"type":"Point","coordinates":[-51.16506787,-30.11326588,0]},"properties":{"name":"US Rincão","description":{"@type":"html","value":"Coordenadoria de Saúde: OESTE<br>Distrito Sanitário: GLORIA<br>CNES: 5007518<br>Vínculo: IB SAUDE<br>Endereço: Estrada Afonso Loureiro Mariante, 1394 – Rincão, Bairro Belém Velho<br>Telefones: (51) 3289-5793 (WhatsApp) / 3289-5794 / 3241-4770<br>Horário de Atendimento: De segunda à sexta das 07h às 19h. Reunião de unidade (US fechada): MENSAL - 4ª quinta-feira do mês das 14 às 16h / Reunião de equipe (US aberta): SEMANAL - quintas-feiras I: das 15 às 16h II: das 14 às 15h III: das 13 às 14h<br>Saúde Bucal: Unidade com Atendimento Odontológico<br>Hospital de Referência para Obstetria:: HCPA<br>Longitude: -51.16506787<br>Latitude: -30.11326588"},"styleUrl":"#icon-1603-0288D1","icon-opacity":1,"icon-color":"#0288d1","icon-scale":1,"icon":"https://www.gstatic.com/mapspro/images/stock/503-wht-blank_maps.png","Coordenadoria de Saúde":"OESTE","Distrito Sanitário":"GLORIA","CNES":"5007518.0","Vínculo":"IB SAUDE","Endereço":"Estrada Afonso Loureiro Mariante, 1394 – Rincão, Bairro Belém Velho","Telefones":"(51) 3289-5793 (WhatsApp) / 3289-5794 / 3241-4770","Horário de Atendimento":"De segunda à sexta das 07h às 19h. Reunião de unidade (US fechada): MENSAL - 4ª quinta-feira do mês das 14 às 16h / Reunião de equipe (US aberta): SEMANAL - quintas-feiras I: das 15 às 16h II: das 14 às 15h III: das 13 às 14h","Saúde Bucal":"Unidade com Atendimento Odontológico","Hospital de Referência para Obstetria:":"HCPA","Longitude":"-51.16506787","Latitude":"-30.11326588"}},{"type":"Feature","geometry":{"type":"Point","coordinates":[-51.1029769,-30.0245563,0]},"properties":{"name":"US Rubem Berta","description":{"@type":"html","value":"Coordenadoria de Saúde: NORTE<br>Distrito Sanitário: EIXO BALTAZAR<br>CNES: 2264862<br>Vínculo: SANTA CASA<br>Endereço: Rua Wolfram Metzler, 675 - Bairro Rubem Berta<br>Telefones: (51) 3289-8181 (WhatsApp) / 3289-8080<br>Horário de Atendimento: De segunda à sexta das 07h às 19h.<br>Saúde Bucal: Unidade com Atendimento Odontológico<br>Hospital de Referência para Obstetria:: CONCEIÇÃO<br>Longitude: -51.1029769<br>Latitude: -30.0245563"},"styleUrl":"#icon-1603-0288D1","icon-opacity":1,"icon-color":"#0288d1","icon-scale":1,"icon":"https://www.gstatic.com/mapspro/images/stock/503-wht-blank_maps.png","Coordenadoria de Saúde":"NORTE","Distrito Sanitário":"EIXO BALTAZAR","CNES":"2264862.0","Vínculo":"SANTA CASA","Endereço":"Rua Wolfram Metzler, 675 - Bairro Rubem Berta","Telefones":"(51) 3289-8181 (WhatsApp) / 3289-8080","Horário de Atendimento":"De segunda à sexta das 07h às 19h.","Saúde Bucal":"Unidade com Atendimento Odontológico","Hospital de Referência para Obstetria:":"CONCEIÇÃO","Longitude":"-51.1029769","Latitude":"-30.0245563"}},{"type":"Feature","geometry":{"type":"Point","coordinates":[-51.1037,-30.03234,0]},"properties":{"name":"US Safira Nova","description":{"@type":"html","value":"Coordenadoria de Saúde: LESTE<br>Distrito Sanitário: NORDESTE<br>CNES: 2237911<br>Vínculo: HDP<br>Endereço: Rua Alberto Galia, 233 - Vila Safira, Bairro Mário Quintana<br>Telefones: (51) 3289-5638 (WhatsApp) / 3389-1243 / 3389-5639<br>Horário de Atendimento: De segunda à sexta das 08h às 12h e das 13h às 17h. Fechamento semanal de 1h na 5a. feira das 11h às 12h<br>Saúde Bucal: Unidade com Atendimento Odontológico<br>Hospital de Referência para Obstetria:: CONCEIÇÃO<br>Longitude: -51.1037<br>Latitude: -30.03234"},"styleUrl":"#icon-1603-0288D1","icon-opacity":1,"icon-color":"#0288d1","icon-scale":1,"icon":"https://www.gstatic.com/mapspro/images/stock/503-wht-blank_maps.png","Coordenadoria de Saúde":"LESTE","Distrito Sanitário":"NORDESTE","CNES":"2237911.0","Vínculo":"HDP","Endereço":"Rua Alberto Galia, 233 - Vila Safira, Bairro Mário Quintana","Telefones":"(51) 3289-5638 (WhatsApp) / 3389-1243 / 3389-5639","Horário de Atendimento":"De segunda à sexta das 08h às 12h e das 13h às 17h. Fechamento semanal de 1h na 5a. feira das 11h às 12h","Saúde Bucal":"Unidade com Atendimento Odontológico","Hospital de Referência para Obstetria:":"CONCEIÇÃO","Longitude":"-51.1037","Latitude":"-30.03234"}},{"type":"Feature","geometry":{"type":"Point","coordinates":[-51.22370668,-30.08877348,0]},"properties":{"name":"US Santa Anita","description":{"@type":"html","value":"Coordenadoria de Saúde: OESTE<br>Distrito Sanitário: CRUZEIRO<br>CNES: 2264935<br>Vínculo: IB SAUDE<br>Endereço: Rua Gregório da Fonseca, 98 - Bairro Nonoai<br>Telefones: (51) 3289-5556 (WhatsApp)<br>Horário de Atendimento: De segunda à sexta das 08h às 12h e das 13h às 17h. Reunião de unidade (US fechada): MENSAL - última terça-feira das 13 às 15h / Reunião de equipe (US aberta): SEMANAL - todas as terças-feiras das 13 às 14h<br>Saúde Bucal: Unidade de Referência para Atendimento Odontológico: US Osmar Freitas<br>Hospital de Referência para Obstetria:: HCPA<br>Longitude: -51.22370668<br>Latitude: -30.08877348"},"styleUrl":"#icon-1603-0288D1","icon-opacity":1,"icon-color":"#0288d1","icon-scale":1,"icon":"https://www.gstatic.com/mapspro/images/stock/503-wht-blank_maps.png","Coordenadoria de Saúde":"OESTE","Distrito Sanitário":"CRUZEIRO","CNES":"2264935.0","Vínculo":"IB SAUDE","Endereço":"Rua Gregório da Fonseca, 98 - Bairro Nonoai","Telefones":"(51) 3289-5556 (WhatsApp)","Horário de Atendimento":"De segunda à sexta das 08h às 12h e das 13h às 17h. Reunião de unidade (US fechada): MENSAL - última terça-feira das 13 às 15h / Reunião de equipe (US aberta): SEMANAL - todas as terças-feiras das 13 às 14h","Saúde Bucal":"Unidade de Referência para Atendimento Odontológico: US Osmar Freitas","Hospital de Referência para Obstetria:":"HCPA","Longitude":"-51.22370668","Latitude":"-30.08877348"}},{"type":"Feature","geometry":{"type":"Point","coordinates":[-51.20533,-30.03866,0]},"properties":{"name":"US Santa Cecília","description":{"@type":"html","value":"Coordenadoria de Saúde: OESTE<br>Distrito Sanitário: CENTRO<br>CNES: 2264382<br>Vínculo: HCPA<br>Endereço: Rua São Manoel, 543 - Bairro Santa Cecília<br>Telefones: (51) 3389-8264 (51) 9980-69915 (WhatsApp)<br>Horário de Atendimento: De segunda à sexta das 08h às 12h e das 13h às 17h. Reunião de unidade (US fechada): SEMANAL - todas as quartas-feiras das 12 às 14h / Reunião de equipe (US aberta): SEMANAL I: quintas-feiras às 13h II: terças-feiras às 12:30h III: terças-feiras às 13h IV: segundas-feiras às 13h<br>Saúde Bucal: Unidade de Referência para Atendimento Odontológico: US Modelo e  CF Santa Marta dependendo da residência<br>Hospital de Referência para Obstetria:: HCPA<br>Longitude: -51.20533<br>Latitude: -30.03866"},"styleUrl":"#icon-1603-0288D1","icon-opacity":1,"icon-color":"#0288d1","icon-scale":1,"icon":"https://www.gstatic.com/mapspro/images/stock/503-wht-blank_maps.png","Coordenadoria de Saúde":"OESTE","Distrito Sanitário":"CENTRO","CNES":"2264382.0","Vínculo":"HCPA","Endereço":"Rua São Manoel, 543 - Bairro Santa Cecília","Telefones":"(51) 3389-8264 (51) 9980-69915 (WhatsApp)","Horário de Atendimento":"De segunda à sexta das 08h às 12h e das 13h às 17h. Reunião de unidade (US fechada): SEMANAL - todas as quartas-feiras das 12 às 14h / Reunião de equipe (US aberta): SEMANAL I: quintas-feiras às 13h II: terças-feiras às 12:30h III: terças-feiras às 13h IV: segundas-feiras às 13h","Saúde Bucal":"Unidade de Referência para Atendimento Odontológico: US Modelo e  CF Santa Marta dependendo da residência","Hospital de Referência para Obstetria:":"HCPA","Longitude":"-51.20533","Latitude":"-30.03866"}},{"type":"Feature","geometry":{"type":"Point","coordinates":[-51.1094325,-30.0050612,0]},"properties":{"name":"US Santa Fé","description":{"@type":"html","value":"Coordenadoria de Saúde: NORTE<br>Distrito Sanitário: EIXO BALTAZAR<br>CNES: 3321428<br>Vínculo: SANTA CASA<br>Endereço: Rua Professor Álvaro Barcellos Ferreira, 520 - Bairro Rubem Berta<br>Telefones: (51) 3289-5600 (WhatsApp) / 3289-5601<br>Horário de Atendimento: De segunda à sexta das 08h às 17h.<br>Saúde Bucal: Unidade de Referência para Atendimento Odontológico: US São Cristóvão<br>Hospital de Referência para Obstetria:: CONCEIÇÃO<br>Longitude: -51.1094325<br>Latitude: -30.0050612"},"styleUrl":"#icon-1603-0288D1","icon-opacity":1,"icon-color":"#0288d1","icon-scale":1,"icon":"https://www.gstatic.com/mapspro/images/stock/503-wht-blank_maps.png","Coordenadoria de Saúde":"NORTE","Distrito Sanitário":"EIXO BALTAZAR","CNES":"3321428.0","Vínculo":"SANTA CASA","Endereço":"Rua Professor Álvaro Barcellos Ferreira, 520 - Bairro Rubem Berta","Telefones":"(51) 3289-5600 (WhatsApp) / 3289-5601","Horário de Atendimento":"De segunda à sexta das 08h às 17h.","Saúde Bucal":"Unidade de Referência para Atendimento Odontológico: US São Cristóvão","Hospital de Referência para Obstetria:":"CONCEIÇÃO","Longitude":"-51.1094325","Latitude":"-30.0050612"}},{"type":"Feature","geometry":{"type":"Point","coordinates":[-51.1108661,-30.1052359,0]},"properties":{"name":"US Santa Helena","description":{"@type":"html","value":"Coordenadoria de Saúde: LESTE<br>Distrito Sanitário: LOMBA DO PINHEIRO<br>CNES: 5473764<br>Vínculo: HDP<br>Endereço: Rua Pôr do Sol, 25 - Parada 9 - Bairro Lomba do Pinheiro<br>Telefones: (51) 3289-5741 (WhatsApp) / 3289-5742 / 3289-5782<br>Horário de Atendimento: De segunda à sexta das 08h às 12h e das 13h às 17h. Fechada para Reunião de Unidade quintas feiras das 11h as 12h<br>Saúde Bucal: Unidade com Atendimento Odontológico<br>Hospital de Referência para Obstetria:: ISCM<br>Longitude: -51.1108661<br>Latitude: -30.1052359"},"styleUrl":"#icon-1603-0288D1","icon-opacity":1,"icon-color":"#0288d1","icon-scale":1,"icon":"https://www.gstatic.com/mapspro/images/stock/503-wht-blank_maps.png","Coordenadoria de Saúde":"LESTE","Distrito Sanitário":"LOMBA DO PINHEIRO","CNES":"5473764.0","Vínculo":"HDP","Endereço":"Rua Pôr do Sol, 25 - Parada 9 - Bairro Lomba do Pinheiro","Telefones":"(51) 3289-5741 (WhatsApp) / 3289-5742 / 3289-5782","Horário de Atendimento":"De segunda à sexta das 08h às 12h e das 13h às 17h. Fechada para Reunião de Unidade quintas feiras das 11h as 12h","Saúde Bucal":"Unidade com Atendimento Odontológico","Hospital de Referência para Obstetria:":"ISCM","Longitude":"-51.1108661","Latitude":"-30.1052359"}},{"type":"Feature","geometry":{"type":"Point","coordinates":[-51.113689,-30.008,0]},"properties":{"name":"US Santa Maria","description":{"@type":"html","value":"Coordenadoria de Saúde: NORTE<br>Distrito Sanitário: EIXO BALTAZAR<br>CNES: 3321401<br>Vínculo: SANTA CASA<br>Endereço: Rua Geraldina Batista, 111 - Bairro Rubem Berta<br>Telefones: (51) 3289-5622 (WhatsApp) / 3289-5623<br>Horário de Atendimento: De segunda à sexta das 08h às 17h.<br>Saúde Bucal: Unidade de Referência para Atendimento Odontológico: US Esperança Cordeiro<br>Hospital de Referência para Obstetria:: CONCEIÇÃO<br>Longitude: -51.113689<br>Latitude: -30.008"},"styleUrl":"#icon-1603-0288D1","icon-opacity":1,"icon-color":"#0288d1","icon-scale":1,"icon":"https://www.gstatic.com/mapspro/images/stock/503-wht-blank_maps.png","Coordenadoria de Saúde":"NORTE","Distrito Sanitário":"EIXO BALTAZAR","CNES":"3321401.0","Vínculo":"SANTA CASA","Endereço":"Rua Geraldina Batista, 111 - Bairro Rubem Berta","Telefones":"(51) 3289-5622 (WhatsApp) / 3289-5623","Horário de Atendimento":"De segunda à sexta das 08h às 17h.","Saúde Bucal":"Unidade de Referência para Atendimento Odontológico: US Esperança Cordeiro","Hospital de Referência para Obstetria:":"CONCEIÇÃO","Longitude":"-51.113689","Latitude":"-30.008"}},{"type":"Feature","geometry":{"type":"Point","coordinates":[-51.099172,-29.9980963,0]},"properties":{"name":"US Santa Rosa","description":{"@type":"html","value":"Coordenadoria de Saúde: NORTE<br>Distrito Sanitário: NORTE<br>CNES: 2264692<br>Vínculo: SANTA CASA<br>Endereço: Rua Donario Braga, SN, esquina Rua Heitor Souto - Bairro Rubem Berta<br>Telefones: (51) 3367-1662 / 3289-5564  (WhatsApp)<br>Horário de Atendimento: De segunda à sexta das 07h às 19h.<br>Saúde Bucal: Unidade com Atendimento Odontológico<br>Hospital de Referência para Obstetria:: CONCEIÇÃO<br>Longitude: -51.099172<br>Latitude: -29.9980963"},"styleUrl":"#icon-1603-0288D1","icon-opacity":1,"icon-color":"#0288d1","icon-scale":1,"icon":"https://www.gstatic.com/mapspro/images/stock/503-wht-blank_maps.png","Coordenadoria de Saúde":"NORTE","Distrito Sanitário":"NORTE","CNES":"2264692.0","Vínculo":"SANTA CASA","Endereço":"Rua Donario Braga, SN, esquina Rua Heitor Souto - Bairro Rubem Berta","Telefones":"(51) 3367-1662 / 3289-5564  (WhatsApp)","Horário de Atendimento":"De segunda à sexta das 07h às 19h.","Saúde Bucal":"Unidade com Atendimento Odontológico","Hospital de Referência para Obstetria:":"CONCEIÇÃO","Longitude":"-51.099172","Latitude":"-29.9980963"}},{"type":"Feature","geometry":{"type":"Point","coordinates":[-51.2309637,-30.0770878,0]},"properties":{"name":"US Santa Tereza","description":{"@type":"html","value":"Coordenadoria de Saúde: OESTE<br>Distrito Sanitário: CRUZEIRO<br>CNES: 2264315<br>Vínculo: IB SAUDE<br>Endereço: Rua Dona Otília, 5 - Bairro Santa Tereza<br>Telefones: (51) 3289-8196 (WhatsApp) / 3289 -8197<br>Horário de Atendimento: De segunda à sexta das 08h às 12h e das 13h às 17h. Fechada para reunião de unidade semanal terça-feira das 13h às 14h.<br>Saúde Bucal: Unidade de Referência para Atendimento Odontológico: US Vila Cruzeiro<br>Hospital de Referência para Obstetria:: HCPA<br>Longitude: -51.2309637<br>Latitude: -30.0770878"},"styleUrl":"#icon-1603-0288D1","icon-opacity":1,"icon-color":"#0288d1","icon-scale":1,"icon":"https://www.gstatic.com/mapspro/images/stock/503-wht-blank_maps.png","Coordenadoria de Saúde":"OESTE","Distrito Sanitário":"CRUZEIRO","CNES":"2264315.0","Vínculo":"IB SAUDE","Endereço":"Rua Dona Otília, 5 - Bairro Santa Tereza","Telefones":"(51) 3289-8196 (WhatsApp) / 3289 -8197","Horário de Atendimento":"De segunda à sexta das 08h às 12h e das 13h às 17h. Fechada para reunião de unidade semanal terça-feira das 13h às 14h.","Saúde Bucal":"Unidade de Referência para Atendimento Odontológico: US Vila Cruzeiro","Hospital de Referência para Obstetria:":"HCPA","Longitude":"-51.2309637","Latitude":"-30.0770878"}},{"type":"Feature","geometry":{"type":"Point","coordinates":[-51.1074343,-30.0006132,0]},"properties":{"name":"US Santíssima Trindade","description":{"@type":"html","value":"Coordenadoria de Saúde: NORTE<br>Distrito Sanitário: NORTE<br>CNES: 2265176<br>Vínculo: GHC<br>Endereço: Av. Vila Santíssima Trindade, 141 - Bairro Rubem Berta<br>Telefones: (51) 3367-1963 (WhatsApp)<br>Horário de Atendimento: De segunda à sexta das 07h às 20h. Fechada para reunião de equipe semanal quarta-feira das 12h às 14h.<br>Saúde Bucal: Unidade com Atendimento Odontológico<br>Hospital de Referência para Obstetria:: CONCEIÇÃO<br>Longitude: -51.1074343<br>Latitude: -30.0006132"},"styleUrl":"#icon-1603-0288D1","icon-opacity":1,"icon-color":"#0288d1","icon-scale":1,"icon":"https://www.gstatic.com/mapspro/images/stock/503-wht-blank_maps.png","Coordenadoria de Saúde":"NORTE","Distrito Sanitário":"NORTE","CNES":"2265176.0","Vínculo":"GHC","Endereço":"Av. Vila Santíssima Trindade, 141 - Bairro Rubem Berta","Telefones":"(51) 3367-1963 (WhatsApp)","Horário de Atendimento":"De segunda à sexta das 07h às 20h. Fechada para reunião de equipe semanal quarta-feira das 12h às 14h.","Saúde Bucal":"Unidade com Atendimento Odontológico","Hospital de Referência para Obstetria:":"CONCEIÇÃO","Longitude":"-51.1074343","Latitude":"-30.0006132"}},{"type":"Feature","geometry":{"type":"Point","coordinates":[-51.1068129,-29.9895427,0]},"properties":{"name":"US Santo Agostinho","description":{"@type":"html","value":"Coordenadoria de Saúde: NORTE<br>Distrito Sanitário: NORTE<br>CNES: 3927997<br>Vínculo: SANTA CASA<br>Endereço: Rua João Paris, 180 - Bairro Sarandi<br>Telefones: (51) 3365-7900 (WhatsApp) / 3289-6593 / 3289-5597 / 3289-5596<br>Horário de Atendimento: De segunda à sexta das 08h às 17h.<br>Saúde Bucal: Unidade com Atendimento Odontológico<br>Hospital de Referência para Obstetria:: CONCEIÇÃO<br>Longitude: -51.1068129<br>Latitude: -29.9895427"},"styleUrl":"#icon-1603-0288D1","icon-opacity":1,"icon-color":"#0288d1","icon-scale":1,"icon":"https://www.gstatic.com/mapspro/images/stock/503-wht-blank_maps.png","Coordenadoria de Saúde":"NORTE","Distrito Sanitário":"NORTE","CNES":"3927997.0","Vínculo":"SANTA CASA","Endereço":"Rua João Paris, 180 - Bairro Sarandi","Telefones":"(51) 3365-7900 (WhatsApp) / 3289-6593 / 3289-5597 / 3289-5596","Horário de Atendimento":"De segunda à sexta das 08h às 17h.","Saúde Bucal":"Unidade com Atendimento Odontológico","Hospital de Referência para Obstetria:":"CONCEIÇÃO","Longitude":"-51.1068129","Latitude":"-29.9895427"}},{"type":"Feature","geometry":{"type":"Point","coordinates":[-51.1663616,-30.0623329,0]},"properties":{"name":"US Santo Alfredo","description":{"@type":"html","value":"Coordenadoria de Saúde: LESTE<br>Distrito Sanitário: PARTENON<br>CNES: 8006903<br>Vínculo: HDP<br>Endereço: Rua Santo Alfredo, 37 - Bairro Partenon<br>Telefones: (51) 3289-5482 (WhatsApp) / 3319-4949 / 3289-5621 / 3289-5481<br>Horário de Atendimento: De segunda à sexta das 08h às 20h. Fechada para Reunião de Unidade 3° quinta feira do mês das 15h às 17h<br>Saúde Bucal: Unidade com Atendimento Odontológico<br>Hospital de Referência para Obstetria:: HMIPV<br>Longitude: -51.1663616<br>Latitude: -30.0623329"},"styleUrl":"#icon-1603-0288D1","icon-opacity":1,"icon-color":"#0288d1","icon-scale":1,"icon":"https://www.gstatic.com/mapspro/images/stock/503-wht-blank_maps.png","Coordenadoria de Saúde":"LESTE","Distrito Sanitário":"PARTENON","CNES":"8006903.0","Vínculo":"HDP","Endereço":"Rua Santo Alfredo, 37 - Bairro Partenon","Telefones":"(51) 3289-5482 (WhatsApp) / 3319-4949 / 3289-5621 / 3289-5481","Horário de Atendimento":"De segunda à sexta das 08h às 20h. Fechada para Reunião de Unidade 3° quinta feira do mês das 15h às 17h","Saúde Bucal":"Unidade com Atendimento Odontológico","Hospital de Referência para Obstetria:":"HMIPV","Longitude":"-51.1663616","Latitude":"-30.0623329"}},{"type":"Feature","geometry":{"type":"Point","coordinates":[-51.1189108,-29.9899082,0]},"properties":{"name":"US São Borja","description":{"@type":"html","value":"Coordenadoria de Saúde: NORTE<br>Distrito Sanitário: NORTE<br>CNES: 2237423<br>Vínculo: SANTA CASA<br>Endereço: Rua Martim Ferreira de Carvalho, 271 - Bairro Sarandi<br>Telefones: (51) 3289-5641 (WhatsApp) / 3289-5640<br>Horário de Atendimento: De segunda à sexta das 08h às 17h.<br>Saúde Bucal: Unidade com Atendimento Odontológico<br>Hospital de Referência para Obstetria:: CONCEIÇÃO<br>Longitude: -51.1189108<br>Latitude: -29.9899082"},"styleUrl":"#icon-1603-0288D1","icon-opacity":1,"icon-color":"#0288d1","icon-scale":1,"icon":"https://www.gstatic.com/mapspro/images/stock/503-wht-blank_maps.png","Coordenadoria de Saúde":"NORTE","Distrito Sanitário":"NORTE","CNES":"2237423.0","Vínculo":"SANTA CASA","Endereço":"Rua Martim Ferreira de Carvalho, 271 - Bairro Sarandi","Telefones":"(51) 3289-5641 (WhatsApp) / 3289-5640","Horário de Atendimento":"De segunda à sexta das 08h às 17h.","Saúde Bucal":"Unidade com Atendimento Odontológico","Hospital de Referência para Obstetria:":"CONCEIÇÃO","Longitude":"-51.1189108","Latitude":"-29.9899082"}},{"type":"Feature","geometry":{"type":"Point","coordinates":[-51.1503438,-30.0657148,0]},"properties":{"name":"US São Carlos","description":{"@type":"html","value":"Coordenadoria de Saúde: LESTE<br>Distrito Sanitário: PARTENON<br>CNES: 2264838<br>Vínculo: HDP<br>Endereço: Av. Bento Gonçalves, 6670 - Bairro Partenon<br>Telefones: (51) 3289-5526 (WhatsApp) / 3289-5525<br>Horário de Atendimento: De segunda à sexta das 07h às 22h. Fechada para Reunião de Unidade ultima quinta feira do mês das 14h as 16h<br>Saúde Bucal: Unidade com Atendimento Odontológico<br>Hospital de Referência para Obstetria:: HMIPV<br>Longitude: -51.1503438<br>Latitude: -30.0657148"},"styleUrl":"#icon-1603-0288D1","icon-opacity":1,"icon-color":"#0288d1","icon-scale":1,"icon":"https://www.gstatic.com/mapspro/images/stock/503-wht-blank_maps.png","Coordenadoria de Saúde":"LESTE","Distrito Sanitário":"PARTENON","CNES":"2264838.0","Vínculo":"HDP","Endereço":"Av. Bento Gonçalves, 6670 - Bairro Partenon","Telefones":"(51) 3289-5526 (WhatsApp) / 3289-5525","Horário de Atendimento":"De segunda à sexta das 07h às 22h. Fechada para Reunião de Unidade ultima quinta feira do mês das 14h as 16h","Saúde Bucal":"Unidade com Atendimento Odontológico","Hospital de Referência para Obstetria:":"HMIPV","Longitude":"-51.1503438","Latitude":"-30.0657148"}},{"type":"Feature","geometry":{"type":"Point","coordinates":[-51.0975425,-30.0144789,0]},"properties":{"name":"US São Cristóvão","description":{"@type":"html","value":"Coordenadoria de Saúde: NORTE<br>Distrito Sanitário: EIXO BALTAZAR<br>CNES: 2264854<br>Vínculo: SANTA CASA<br>Endereço: Rua Coronel Ricardo Leal Kelleter, 137 - Bairro Rubem Berta<br>Telefones: (51) 3289-6594 (WhatsApp) / 3289-5648 / 3289-5565<br>Horário de Atendimento: De segunda à sexta das 07h às 19h.<br>Saúde Bucal: Unidade com Atendimento Odontológico<br>Hospital de Referência para Obstetria:: CONCEIÇÃO<br>Longitude: -51.0975425<br>Latitude: -30.0144789"},"styleUrl":"#icon-1603-0288D1","icon-opacity":1,"icon-color":"#0288d1","icon-scale":1,"icon":"https://www.gstatic.com/mapspro/images/stock/503-wht-blank_maps.png","Coordenadoria de Saúde":"NORTE","Distrito Sanitário":"EIXO BALTAZAR","CNES":"2264854.0","Vínculo":"SANTA CASA","Endereço":"Rua Coronel Ricardo Leal Kelleter, 137 - Bairro Rubem Berta","Telefones":"(51) 3289-6594 (WhatsApp) / 3289-5648 / 3289-5565","Horário de Atendimento":"De segunda à sexta das 07h às 19h.","Saúde Bucal":"Unidade com Atendimento Odontológico","Hospital de Referência para Obstetria:":"CONCEIÇÃO","Longitude":"-51.0975425","Latitude":"-30.0144789"}},{"type":"Feature","geometry":{"type":"Point","coordinates":[-51.2411137,-30.0985664,0]},"properties":{"name":"US São Gabriel","description":{"@type":"html","value":"Coordenadoria de Saúde: OESTE<br>Distrito Sanitário: CRISTAL<br>CNES: 2264226<br>Vínculo: IB SAUDE<br>Endereço: Rua Gilberto Jaime, 65 B - Bairro Camaquã<br>Telefones: (51) 3289-5541 (WhatsApp) / 3289-5292<br>Horário de Atendimento: De segunda à sexta das 08h às 12h e das 13h às 17h. Reunião de unidade e equipe são concomitantes (US fechada): SEMANAL - todas as terças-feiras das 13 às 14h<br>Saúde Bucal: Unidade com Atendimento Odontológico<br>Hospital de Referência para Obstetria:: HCPA<br>Longitude: -51.2411137<br>Latitude: -30.0985664"},"styleUrl":"#icon-1603-0288D1","icon-opacity":1,"icon-color":"#0288d1","icon-scale":1,"icon":"https://www.gstatic.com/mapspro/images/stock/503-wht-blank_maps.png","Coordenadoria de Saúde":"OESTE","Distrito Sanitário":"CRISTAL","CNES":"2264226.0","Vínculo":"IB SAUDE","Endereço":"Rua Gilberto Jaime, 65 B - Bairro Camaquã","Telefones":"(51) 3289-5541 (WhatsApp) / 3289-5292","Horário de Atendimento":"De segunda à sexta das 08h às 12h e das 13h às 17h. Reunião de unidade e equipe são concomitantes (US fechada): SEMANAL - todas as terças-feiras das 13 às 14h","Saúde Bucal":"Unidade com Atendimento Odontológico","Hospital de Referência para Obstetria:":"HCPA","Longitude":"-51.2411137","Latitude":"-30.0985664"}},{"type":"Feature","geometry":{"type":"Point","coordinates":[-51.1706575,-30.0689665,0]},"properties":{"name":"US São José","description":{"@type":"html","value":"Coordenadoria de Saúde: LESTE<br>Distrito Sanitário: PARTENON<br>CNES: 2237377<br>Vínculo: HDP<br>Endereço: Rua Santos Ferreira, 60 - Bairro São José<br>Telefones: (51) 3289-5761 (WhatsApp) / 3289-5721 /3289-5762<br>Horário de Atendimento: De segunda à sexta das 07h às 19h. Fechada para Reunião de Unidade 3° TERÇA do mês das 14h as 16h<br>Saúde Bucal: Unidade com Atendimento Odontológico<br>Hospital de Referência para Obstetria:: HMIPV<br>Longitude: -51.1706575<br>Latitude: -30.0689665"},"styleUrl":"#icon-1603-0288D1","icon-opacity":1,"icon-color":"#0288d1","icon-scale":1,"icon":"https://www.gstatic.com/mapspro/images/stock/503-wht-blank_maps.png","Coordenadoria de Saúde":"LESTE","Distrito Sanitário":"PARTENON","CNES":"2237377.0","Vínculo":"HDP","Endereço":"Rua Santos Ferreira, 60 - Bairro São José","Telefones":"(51) 3289-5761 (WhatsApp) / 3289-5721 /3289-5762","Horário de Atendimento":"De segunda à sexta das 07h às 19h. Fechada para Reunião de Unidade 3° TERÇA do mês das 14h as 16h","Saúde Bucal":"Unidade com Atendimento Odontológico","Hospital de Referência para Obstetria:":"HMIPV","Longitude":"-51.1706575","Latitude":"-30.0689665"}},{"type":"Feature","geometry":{"type":"Point","coordinates":[-51.1031868,-30.1145585,0]},"properties":{"name":"US São Pedro","description":{"@type":"html","value":"Coordenadoria de Saúde: LESTE<br>Distrito Sanitário: LOMBA DO PINHEIRO<br>CNES: 2264730<br>Vínculo: HDP<br>Endereço: Rua São Pedro, 526 - Bairro Lomba do Pinheiro<br>Telefones: (51) 3289-5673 (WhatsApp) / 3319-2199 / 3289-5672<br>Horário de Atendimento: De segunda à sexta das 08h às 17h. Fechada para Reunião de Unidade 1° quinta-feira do mês das 14h as 16h<br>Saúde Bucal: Unidade com Atendimento Odontológico<br>Hospital de Referência para Obstetria:: ISCM<br>Longitude: -51.1031868<br>Latitude: -30.1145585"},"styleUrl":"#icon-1603-0288D1","icon-opacity":1,"icon-color":"#0288d1","icon-scale":1,"icon":"https://www.gstatic.com/mapspro/images/stock/503-wht-blank_maps.png","Coordenadoria de Saúde":"LESTE","Distrito Sanitário":"LOMBA DO PINHEIRO","CNES":"2264730.0","Vínculo":"HDP","Endereço":"Rua São Pedro, 526 - Bairro Lomba do Pinheiro","Telefones":"(51) 3289-5673 (WhatsApp) / 3319-2199 / 3289-5672","Horário de Atendimento":"De segunda à sexta das 08h às 17h. Fechada para Reunião de Unidade 1° quinta-feira do mês das 14h as 16h","Saúde Bucal":"Unidade com Atendimento Odontológico","Hospital de Referência para Obstetria:":"ISCM","Longitude":"-51.1031868","Latitude":"-30.1145585"}},{"type":"Feature","geometry":{"type":"Point","coordinates":[-51.2451227,-30.1049228,0]},"properties":{"name":"US São Vicente Mártir","description":{"@type":"html","value":"Coordenadoria de Saúde: SUL<br>Distrito Sanitário: CENTRO SUL<br>CNES: 2264447<br>Vínculo: HVN<br>Endereço: Rua Emília Perroni Fernandes, 110 - Bairro Camaquã<br>Telefones: (51) 3289-2346 (WhatsApp) / 3289-5550 / 3289-5551<br>Horário de Atendimento: De segunda à sexta das 08h às 12h e das 13h às 17h. Fechada para reunião de equipe. Todas as  quinta-feira das 13h às 14h.<br>Saúde Bucal: Unidade com Atendimento Odontológico<br>Hospital de Referência para Obstetria:: FEMINA<br>Longitude: -51.2451227<br>Latitude: -30.1049228"},"styleUrl":"#icon-1603-0288D1","icon-opacity":1,"icon-color":"#0288d1","icon-scale":1,"icon":"https://www.gstatic.com/mapspro/images/stock/503-wht-blank_maps.png","Coordenadoria de Saúde":"SUL","Distrito Sanitário":"CENTRO SUL","CNES":"2264447.0","Vínculo":"HVN","Endereço":"Rua Emília Perroni Fernandes, 110 - Bairro Camaquã","Telefones":"(51) 3289-2346 (WhatsApp) / 3289-5550 / 3289-5551","Horário de Atendimento":"De segunda à sexta das 08h às 12h e das 13h às 17h. Fechada para reunião de equipe. Todas as  quinta-feira das 13h às 14h.","Saúde Bucal":"Unidade com Atendimento Odontológico","Hospital de Referência para Obstetria:":"FEMINA","Longitude":"-51.2451227","Latitude":"-30.1049228"}},{"type":"Feature","geometry":{"type":"Point","coordinates":[-51.134155,-29.994894,0]},"properties":{"name":"US Sarandi","description":{"@type":"html","value":"Coordenadoria de Saúde: NORTE<br>Distrito Sanitário: NORTE<br>CNES: 2264684<br>Vínculo: SANTA CASA<br>Endereço: Av. Francisco Pinto da Fontoura, 341 - Bairro Sarandi<br>Telefones: (51) 3289-5668 (WhatsApp) / 3289-2281<br>Horário de Atendimento: De segunda à sexta das 07h às 19h.<br>Saúde Bucal: Unidade com Atendimento Odontológico<br>Hospital de Referência para Obstetria:: CONCEIÇÃO<br>Longitude: -51.134155<br>Latitude: -29.994894"},"styleUrl":"#icon-1603-0288D1","icon-opacity":1,"icon-color":"#0288d1","icon-scale":1,"icon":"https://www.gstatic.com/mapspro/images/stock/503-wht-blank_maps.png","Coordenadoria de Saúde":"NORTE","Distrito Sanitário":"NORTE","CNES":"2264684.0","Vínculo":"SANTA CASA","Endereço":"Av. Francisco Pinto da Fontoura, 341 - Bairro Sarandi","Telefones":"(51) 3289-5668 (WhatsApp) / 3289-2281","Horário de Atendimento":"De segunda à sexta das 07h às 19h.","Saúde Bucal":"Unidade com Atendimento Odontológico","Hospital de Referência para Obstetria:":"CONCEIÇÃO","Longitude":"-51.134155","Latitude":"-29.994894"}},{"type":"Feature","geometry":{"type":"Point","coordinates":[-51.1485863,-30.0358781,0]},"properties":{"name":"US SESC","description":{"@type":"html","value":"Coordenadoria de Saúde: LESTE<br>Distrito Sanitário: LESTE<br>CNES: 2265133<br>Vínculo: GHC<br>Endereço: Rua Ernesto Pellanda, 830 - Bairro Vila Jardim<br>Telefones: (51)3341-2288 (WhatsApp)<br>Horário de Atendimento: De segunda à sexta das 08h às 20h. Fechada para reunião de equipe semanal quarta-feira das 12h às 14h.<br>Saúde Bucal: Unidade com Atendimento Odontológico<br>Hospital de Referência para Obstetria:: CONCEIÇÃO<br>Longitude: -51.1485863<br>Latitude: -30.0358781"},"styleUrl":"#icon-1603-0288D1","icon-opacity":1,"icon-color":"#0288d1","icon-scale":1,"icon":"https://www.gstatic.com/mapspro/images/stock/503-wht-blank_maps.png","Coordenadoria de Saúde":"LESTE","Distrito Sanitário":"LESTE","CNES":"2265133.0","Vínculo":"GHC","Endereço":"Rua Ernesto Pellanda, 830 - Bairro Vila Jardim","Telefones":"(51)3341-2288 (WhatsApp)","Horário de Atendimento":"De segunda à sexta das 08h às 20h. Fechada para reunião de equipe semanal quarta-feira das 12h às 14h.","Saúde Bucal":"Unidade com Atendimento Odontológico","Hospital de Referência para Obstetria:":"CONCEIÇÃO","Longitude":"-51.1485863","Latitude":"-30.0358781"}},{"type":"Feature","geometry":{"type":"Point","coordinates":[-51.126339,-30.042936,0]},"properties":{"name":"US Tijuca","description":{"@type":"html","value":"Coordenadoria de Saúde: LESTE<br>Distrito Sanitário: LESTE<br>CNES: 2237733<br>Vínculo: HDP<br>Endereço: Rua Reverendo Daniel Betts, 321 - Bairro Morro Santana<br>Telefones: (51) 3289-5679 (WhatsApp) / 3289-5685 / 3289-5684<br>Horário de Atendimento: De segunda à sexta das 08h às 17h.<br>Saúde Bucal: Unidade de Referência para Atendimento Odontológico: US Jardim da FAPA<br>Hospital de Referência para Obstetria:: CONCEIÇÃO<br>Longitude: -51.126339<br>Latitude: -30.042936"},"styleUrl":"#icon-1603-0288D1","icon-opacity":1,"icon-color":"#0288d1","icon-scale":1,"icon":"https://www.gstatic.com/mapspro/images/stock/503-wht-blank_maps.png","Coordenadoria de Saúde":"LESTE","Distrito Sanitário":"LESTE","CNES":"2237733.0","Vínculo":"HDP","Endereço":"Rua Reverendo Daniel Betts, 321 - Bairro Morro Santana","Telefones":"(51) 3289-5679 (WhatsApp) / 3289-5685 / 3289-5684","Horário de Atendimento":"De segunda à sexta das 08h às 17h.","Saúde Bucal":"Unidade de Referência para Atendimento Odontológico: US Jardim da FAPA","Hospital de Referência para Obstetria:":"CONCEIÇÃO","Longitude":"-51.126339","Latitude":"-30.042936"}},{"type":"Feature","geometry":{"type":"Point","coordinates":[-51.0938438,-30.0215159,0]},"properties":{"name":"US Timbaúva","description":{"@type":"html","value":"Coordenadoria de Saúde: LESTE<br>Distrito Sanitário: NORDESTE<br>CNES: 2237210<br>Vínculo: HDP<br>Endereço: Rua Sebastião do Nascimento, 1050 - Bairro Mário Quintana<br>Telefones: (51) 3289-8240 (WhatsApp) / 3289-8241<br>Horário de Atendimento: De segunda à sexta das 07h às 19h. Fechada para Reunião de Unidade 3° quinta feira do mês das 13h as 15h<br>Saúde Bucal: Unidade com Atendimento Odontológico<br>Hospital de Referência para Obstetria:: CONCEIÇÃO<br>Longitude: -51.0938438<br>Latitude: -30.0215159"},"styleUrl":"#icon-1603-0288D1","icon-opacity":1,"icon-color":"#0288d1","icon-scale":1,"icon":"https://www.gstatic.com/mapspro/images/stock/503-wht-blank_maps.png","Coordenadoria de Saúde":"LESTE","Distrito Sanitário":"NORDESTE","CNES":"2237210.0","Vínculo":"HDP","Endereço":"Rua Sebastião do Nascimento, 1050 - Bairro Mário Quintana","Telefones":"(51) 3289-8240 (WhatsApp) / 3289-8241","Horário de Atendimento":"De segunda à sexta das 07h às 19h. Fechada para Reunião de Unidade 3° quinta feira do mês das 13h as 15h","Saúde Bucal":"Unidade com Atendimento Odontológico","Hospital de Referência para Obstetria:":"CONCEIÇÃO","Longitude":"-51.0938438","Latitude":"-30.0215159"}},{"type":"Feature","geometry":{"type":"Point","coordinates":[-51.1142102,-30.1165822,0]},"properties":{"name":"US Viçosa","description":{"@type":"html","value":"Coordenadoria de Saúde: LESTE<br>Distrito Sanitário: LOMBA DO PINHEIRO<br>CNES: 2264757<br>Vínculo: HDP<br>Endereço: Rua Orquídea, 501 - Bairro VILA VICOSA<br>Telefones: (51) 3289-8194 (WhatsApp) / 3289-8195<br>Horário de Atendimento: De segunda à sexta das 08h às 12h e das 13h às 17h. Fechada para Reunião de Unidade quintas feiras das 13h as 14h<br>Saúde Bucal: Unidade com Atendimento Odontológico<br>Hospital de Referência para Obstetria:: ISCM<br>Longitude: -51.1142102<br>Latitude: -30.1165822"},"styleUrl":"#icon-1603-0288D1","icon-opacity":1,"icon-color":"#0288d1","icon-scale":1,"icon":"https://www.gstatic.com/mapspro/images/stock/503-wht-blank_maps.png","Coordenadoria de Saúde":"LESTE","Distrito Sanitário":"LOMBA DO PINHEIRO","CNES":"2264757.0","Vínculo":"HDP","Endereço":"Rua Orquídea, 501 - Bairro VILA VICOSA","Telefones":"(51) 3289-8194 (WhatsApp) / 3289-8195","Horário de Atendimento":"De segunda à sexta das 08h às 12h e das 13h às 17h. Fechada para Reunião de Unidade quintas feiras das 13h as 14h","Saúde Bucal":"Unidade com Atendimento Odontológico","Hospital de Referência para Obstetria:":"ISCM","Longitude":"-51.1142102","Latitude":"-30.1165822"}},{"type":"Feature","geometry":{"type":"Point","coordinates":[-51.1445156,-30.0475117,0]},"properties":{"name":"US Vila Brasília","description":{"@type":"html","value":"Coordenadoria de Saúde: LESTE<br>Distrito Sanitário: LESTE<br>CNES: 2264773<br>Vínculo: HDP<br>Endereço: Rua Juvenal Cruz, 246 - Vila Brasília, Bairro Jardim Carvalho<br>Telefones: (51) 3338-7702 (WhatsApp) / 3289-8202 / 3289-8203<br>Horário de Atendimento: De segunda à sexta das 08h às 12h e das 13h às 17h.<br>Saúde Bucal: Unidade de Referência para Atendimento Odontológico: US Milta Rodrigues<br>Hospital de Referência para Obstetria:: CONCEIÇÃO<br>Longitude: -51.1445156<br>Latitude: -30.0475117"},"styleUrl":"#icon-1603-0288D1","icon-opacity":1,"icon-color":"#0288d1","icon-scale":1,"icon":"https://www.gstatic.com/mapspro/images/stock/503-wht-blank_maps.png","Coordenadoria de Saúde":"LESTE","Distrito Sanitário":"LESTE","CNES":"2264773.0","Vínculo":"HDP","Endereço":"Rua Juvenal Cruz, 246 - Vila Brasília, Bairro Jardim Carvalho","Telefones":"(51) 3338-7702 (WhatsApp) / 3289-8202 / 3289-8203","Horário de Atendimento":"De segunda à sexta das 08h às 12h e das 13h às 17h.","Saúde Bucal":"Unidade de Referência para Atendimento Odontológico: US Milta Rodrigues","Hospital de Referência para Obstetria:":"CONCEIÇÃO","Longitude":"-51.1445156","Latitude":"-30.0475117"}},{"type":"Feature","geometry":{"type":"Point","coordinates":[-51.2314849,-30.0811615,0]},"properties":{"name":"US Vila Cruzeiro","description":{"@type":"html","value":"Coordenadoria de Saúde: OESTE<br>Distrito Sanitário: CRISTAL<br>CNES: 2265036<br>Vínculo: IB SAUDE<br>Endereço: Av. Capivari, 2020 - Bairro Santa Tereza<br>Telefones: (51) 3289-5544 (WhatsApp) / 3289-5543<br>Horário de Atendimento: De segunda à sexta das 07h às 19h. Reunião de unidade (US fechada): MENSAL - 1ª terça-feira das 10 às 12h / Reuniião de equipe (US aberta): QUINZENAL I: 2ª e 4ª quarta-feira das 8 às 9h II: 2ª e 4ª quinta-feira das 10 às 11h III: 2ª e 4ª sexta-feira das 10 às 11h<br>Saúde Bucal: Unidade com Atendimento Odontológico<br>Hospital de Referência para Obstetria:: HCPA<br>Longitude: -51.2314849<br>Latitude: -30.0811615"},"styleUrl":"#icon-1603-0288D1","icon-opacity":1,"icon-color":"#0288d1","icon-scale":1,"icon":"https://www.gstatic.com/mapspro/images/stock/503-wht-blank_maps.png","Coordenadoria de Saúde":"OESTE","Distrito Sanitário":"CRISTAL","CNES":"2265036.0","Vínculo":"IB SAUDE","Endereço":"Av. Capivari, 2020 - Bairro Santa Tereza","Telefones":"(51) 3289-5544 (WhatsApp) / 3289-5543","Horário de Atendimento":"De segunda à sexta das 07h às 19h. Reunião de unidade (US fechada): MENSAL - 1ª terça-feira das 10 às 12h / Reuniião de equipe (US aberta): QUINZENAL I: 2ª e 4ª quarta-feira das 8 às 9h II: 2ª e 4ª quinta-feira das 10 às 11h III: 2ª e 4ª sexta-feira das 10 às 11h","Saúde Bucal":"Unidade com Atendimento Odontológico","Hospital de Referência para Obstetria:":"HCPA","Longitude":"-51.2314849","Latitude":"-30.0811615"}},{"type":"Feature","geometry":{"type":"Point","coordinates":[-51.1266702,-29.9800721,0]},"properties":{"name":"US Vila Elizabeth","description":{"@type":"html","value":"Coordenadoria de Saúde: NORTE<br>Distrito Sanitário: NORTE<br>CNES: 2264676<br>Vínculo: SANTA CASA<br>Endereço: Rua Paulo Gomes de Oliveira, 170 - Bairro Sarandi<br>Telefones: (51) 3289-5646 (WhatsApp) / 3289-5647 / 3289-5295<br>Horário de Atendimento: De segunda à sexta das 08h às 12h e das 13h às 17h.<br>Saúde Bucal: Unidade de Referência para Atendimento Odontológico: US Nova Brasília<br>Hospital de Referência para Obstetria:: CONCEIÇÃO<br>Longitude: -51.1266702<br>Latitude: -29.9800721"},"styleUrl":"#icon-1603-0288D1","icon-opacity":1,"icon-color":"#0288d1","icon-scale":1,"icon":"https://www.gstatic.com/mapspro/images/stock/503-wht-blank_maps.png","Coordenadoria de Saúde":"NORTE","Distrito Sanitário":"NORTE","CNES":"2264676.0","Vínculo":"SANTA CASA","Endereço":"Rua Paulo Gomes de Oliveira, 170 - Bairro Sarandi","Telefones":"(51) 3289-5646 (WhatsApp) / 3289-5647 / 3289-5295","Horário de Atendimento":"De segunda à sexta das 08h às 12h e das 13h às 17h.","Saúde Bucal":"Unidade de Referência para Atendimento Odontológico: US Nova Brasília","Hospital de Referência para Obstetria:":"CONCEIÇÃO","Longitude":"-51.1266702","Latitude":"-29.9800721"}},{"type":"Feature","geometry":{"type":"Point","coordinates":[-51.1607087,-30.0479835,0]},"properties":{"name":"US Vila Fátima","description":{"@type":"html","value":"Coordenadoria de Saúde: LESTE<br>Distrito Sanitário: LESTE<br>CNES: 7150547<br>Vínculo: PUC<br>Endereço: Rua Arnaldo Antunes Portaluppi 227 -Bom Jesus<br>Telefones: (51) 3320-3536 (WhatsApp) / 3320-3618<br>Horário de Atendimento: De segunda à sexta das 08h às 17h.<br>Saúde Bucal: Unidade com Atendimento Odontológico<br>Hospital de Referência para Obstetria:: CONCEIÇÃO<br>Longitude: -51.1607087<br>Latitude: -30.0479835"},"styleUrl":"#icon-1603-0288D1","icon-opacity":1,"icon-color":"#0288d1","icon-scale":1,"icon":"https://www.gstatic.com/mapspro/images/stock/503-wht-blank_maps.png","Coordenadoria de Saúde":"LESTE","Distrito Sanitário":"LESTE","CNES":"7150547.0","Vínculo":"PUC","Endereço":"Rua Arnaldo Antunes Portaluppi 227 -Bom Jesus","Telefones":"(51) 3320-3536 (WhatsApp) / 3320-3618","Horário de Atendimento":"De segunda à sexta das 08h às 17h.","Saúde Bucal":"Unidade com Atendimento Odontológico","Hospital de Referência para Obstetria:":"CONCEIÇÃO","Longitude":"-51.1607087","Latitude":"-30.0479835"}},{"type":"Feature","geometry":{"type":"Point","coordinates":[-51.1492759,-30.0271024,0]},"properties":{"name":"US Vila Ipiranga","description":{"@type":"html","value":"Coordenadoria de Saúde: NORTE<br>Distrito Sanitário: NOROESTE<br>CNES: 2264811<br>Vínculo: SANTA CASA<br>Endereço: Rua Alberto Silva, 1830 - Bairro Vila Ipiranga<br>Telefones: (51) 3289-5670 (WhatsApp) / 3289-5671<br>Horário de Atendimento: De segunda à sexta das 07h às 19h.<br>Saúde Bucal: Unidade com Atendimento Odontológico<br>Hospital de Referência para Obstetria:: CONCEIÇÃO<br>Longitude: -51.1492759<br>Latitude: -30.0271024"},"styleUrl":"#icon-1603-0288D1","icon-opacity":1,"icon-color":"#0288d1","icon-scale":1,"icon":"https://www.gstatic.com/mapspro/images/stock/503-wht-blank_maps.png","Coordenadoria de Saúde":"NORTE","Distrito Sanitário":"NOROESTE","CNES":"2264811.0","Vínculo":"SANTA CASA","Endereço":"Rua Alberto Silva, 1830 - Bairro Vila Ipiranga","Telefones":"(51) 3289-5670 (WhatsApp) / 3289-5671","Horário de Atendimento":"De segunda à sexta das 07h às 19h.","Saúde Bucal":"Unidade com Atendimento Odontológico","Hospital de Referência para Obstetria:":"CONCEIÇÃO","Longitude":"-51.1492759","Latitude":"-30.0271024"}},{"type":"Feature","geometry":{"type":"Point","coordinates":[-51.1635936,-30.0460713,0]},"properties":{"name":"US Vila Jardim","description":{"@type":"html","value":"Coordenadoria de Saúde: LESTE<br>Distrito Sanitário: LESTE<br>CNES: 2264846<br>Vínculo: HDP<br>Endereço: Rua Nazareth, 570 - Bairro Bom Jesus<br>Telefones: (51) 3289-5736 (WhatsApp) / 3289-5735 / 3289-5737/ 3334-1084<br>Horário de Atendimento: De segunda à sexta das 07h às 19h.<br>Saúde Bucal: Unidade com Atendimento Odontológico<br>Hospital de Referência para Obstetria:: CONCEIÇÃO<br>Longitude: -51.1635936<br>Latitude: -30.0460713"},"styleUrl":"#icon-1603-0288D1","icon-opacity":1,"icon-color":"#0288d1","icon-scale":1,"icon":"https://www.gstatic.com/mapspro/images/stock/503-wht-blank_maps.png","Coordenadoria de Saúde":"LESTE","Distrito Sanitário":"LESTE","CNES":"2264846.0","Vínculo":"HDP","Endereço":"Rua Nazareth, 570 - Bairro Bom Jesus","Telefones":"(51) 3289-5736 (WhatsApp) / 3289-5735 / 3289-5737/ 3334-1084","Horário de Atendimento":"De segunda à sexta das 07h às 19h.","Saúde Bucal":"Unidade com Atendimento Odontológico","Hospital de Referência para Obstetria:":"CONCEIÇÃO","Longitude":"-51.1635936","Latitude":"-30.0460713"}},{"type":"Feature","geometry":{"type":"Point","coordinates":[-51.2019496,-30.153658,0]},"properties":{"name":"US Vila Nova Ipanema","description":{"@type":"html","value":"Coordenadoria de Saúde: SUL<br>Distrito Sanitário: SUL<br>CNES: 6247938<br>Vínculo: HVN<br>Endereço: Rua Nova Ipanema, 130 - Bairro Aberta dos Morros<br>Telefones: (51) 3289-5767 (WhatsApp) / 3266-3103 / 3289-5768<br>Horário de Atendimento: De segunda à sexta das 08h às 12h e das 13h às 17h. Fechada para reunião de equipe. Todas as  terças-feira das 16h às 17h.<br>Saúde Bucal: Unidade com Atendimento Odontológico<br>Hospital de Referência para Obstetria:: FEMINA<br>Longitude: -51.2019496<br>Latitude: -30.153658"},"styleUrl":"#icon-1603-0288D1","icon-opacity":1,"icon-color":"#0288d1","icon-scale":1,"icon":"https://www.gstatic.com/mapspro/images/stock/503-wht-blank_maps.png","Coordenadoria de Saúde":"SUL","Distrito Sanitário":"SUL","CNES":"6247938.0","Vínculo":"HVN","Endereço":"Rua Nova Ipanema, 130 - Bairro Aberta dos Morros","Telefones":"(51) 3289-5767 (WhatsApp) / 3266-3103 / 3289-5768","Horário de Atendimento":"De segunda à sexta das 08h às 12h e das 13h às 17h. Fechada para reunião de equipe. Todas as  terças-feira das 16h às 17h.","Saúde Bucal":"Unidade com Atendimento Odontológico","Hospital de Referência para Obstetria:":"FEMINA","Longitude":"-51.2019496","Latitude":"-30.153658"}},{"type":"Feature","geometry":{"type":"Point","coordinates":[-51.1526951,-30.0510247,0]},"properties":{"name":"US Vila Pinto","description":{"@type":"html","value":"Coordenadoria de Saúde: LESTE<br>Distrito Sanitário: LESTE<br>CNES: 2264781<br>Vínculo: HDP<br>Endereço: Rua Beco 5, número 560 - Vila Fátima-Pinto, Bairro Bom Jesus<br>Telefones: (51) 3289-5642 (WhatsApp) / 3289-5643<br>Horário de Atendimento: De segunda à sexta das 08h às 12h e das 13h às 17h.<br>Saúde Bucal: Unidade de Referência para Atendimento Odontológico: US Jardim Carvalho<br>Hospital de Referência para Obstetria:: CONCEIÇÃO<br>Longitude: -51.1526951<br>Latitude: -30.0510247"},"styleUrl":"#icon-1603-0288D1","icon-opacity":1,"icon-color":"#0288d1","icon-scale":1,"icon":"https://www.gstatic.com/mapspro/images/stock/503-wht-blank_maps.png","Coordenadoria de Saúde":"LESTE","Distrito Sanitário":"LESTE","CNES":"2264781.0","Vínculo":"HDP","Endereço":"Rua Beco 5, número 560 - Vila Fátima-Pinto, Bairro Bom Jesus","Telefones":"(51) 3289-5642 (WhatsApp) / 3289-5643","Horário de Atendimento":"De segunda à sexta das 08h às 12h e das 13h às 17h.","Saúde Bucal":"Unidade de Referência para Atendimento Odontológico: US Jardim Carvalho","Hospital de Referência para Obstetria:":"CONCEIÇÃO","Longitude":"-51.1526951","Latitude":"-30.0510247"}},{"type":"Feature","geometry":{"type":"Point","coordinates":[-51.10675678,-30.03536023,0]},"properties":{"name":"US Vila Safira","description":{"@type":"html","value":"Coordenadoria de Saúde: LESTE<br>Distrito Sanitário: NORDESTE<br>CNES: 2264889<br>Vínculo: HDP<br>Endereço: Av. Delegado Ely Correa Prado, 703 - Vila Safira - Bairro Mário Quintana<br>Telefones: (51) 3289-8192 (WhatsApp) / 3289-8193<br>Horário de Atendimento: De segunda à sexta das 08h às 12h e das 13h às 17h.<br>Saúde Bucal: Unidade de Referência para Atendimento Odontológico: US Safira Nova<br>Hospital de Referência para Obstetria:: CONCEIÇÃO<br>Longitude: -51.10675678<br>Latitude: -30.03536023"},"styleUrl":"#icon-1603-0288D1","icon-opacity":1,"icon-color":"#0288d1","icon-scale":1,"icon":"https://www.gstatic.com/mapspro/images/stock/503-wht-blank_maps.png","Coordenadoria de Saúde":"LESTE","Distrito Sanitário":"NORDESTE","CNES":"2264889.0","Vínculo":"HDP","Endereço":"Av. Delegado Ely Correa Prado, 703 - Vila Safira - Bairro Mário Quintana","Telefones":"(51) 3289-8192 (WhatsApp) / 3289-8193","Horário de Atendimento":"De segunda à sexta das 08h às 12h e das 13h às 17h.","Saúde Bucal":"Unidade de Referência para Atendimento Odontológico: US Safira Nova","Hospital de Referência para Obstetria:":"CONCEIÇÃO","Longitude":"-51.10675678","Latitude":"-30.03536023"}},{"type":"Feature","geometry":{"type":"Point","coordinates":[-51.1690929,-30.0777772,0]},"properties":{"name":"US Vila Vargas","description":{"@type":"html","value":"Coordenadoria de Saúde: LESTE<br>Distrito Sanitário: PARTENON<br>CNES: 8006822<br>Vínculo: HDP<br>Endereço: Rua Padre Ângelo Costa, SN - Bairro Agronomia<br>Telefones: (51) 3289-5750 (WhatsApp) / 3289-5749<br>Horário de Atendimento: De segunda à sexta das 07h às 19h. Fechada para Reunião de Unidade 2° quinta-feira do mês das 13h às 15h.<br>Saúde Bucal: Unidade de Referência para Atendimento Odontológico: US São José<br>Hospital de Referência para Obstetria:: HMIPV<br>Longitude: -51.1690929<br>Latitude: -30.0777772"},"styleUrl":"#icon-1603-0288D1","icon-opacity":1,"icon-color":"#0288d1","icon-scale":1,"icon":"https://www.gstatic.com/mapspro/images/stock/503-wht-blank_maps.png","Coordenadoria de Saúde":"LESTE","Distrito Sanitário":"PARTENON","CNES":"8006822.0","Vínculo":"HDP","Endereço":"Rua Padre Ângelo Costa, SN - Bairro Agronomia","Telefones":"(51) 3289-5750 (WhatsApp) / 3289-5749","Horário de Atendimento":"De segunda à sexta das 07h às 19h. Fechada para Reunião de Unidade 2° quinta-feira do mês das 13h às 15h.","Saúde Bucal":"Unidade de Referência para Atendimento Odontológico: US São José","Hospital de Referência para Obstetria:":"HMIPV","Longitude":"-51.1690929","Latitude":"-30.0777772"}},{"type":"Feature","geometry":{"type":"Point","coordinates":[-51.0995393,-30.0247363,0]},"properties":{"name":"US Wenceslau Fontoura","description":{"@type":"html","value":"Coordenadoria de Saúde: LESTE<br>Distrito Sanitário: NORDESTE<br>CNES: 2264897<br>Vínculo: HDP<br>Endereço: Rua José Luís Martins Costa, 200 - Lot. W Fontoura - Bairro Mário Quintana<br>Telefones: (51) 3289-5631 (WhatsApp) / 3289-5630 / 3366-2014<br>Horário de Atendimento: De segunda à sexta das 08h às 17h.<br>Saúde Bucal: Unidade com Atendimento Odontológico<br>Hospital de Referência para Obstetria:: CONCEIÇÃO<br>Longitude: -51.0995393<br>Latitude: -30.0247363"},"styleUrl":"#icon-1603-0288D1","icon-opacity":1,"icon-color":"#0288d1","icon-scale":1,"icon":"https://www.gstatic.com/mapspro/images/stock/503-wht-blank_maps.png","Coordenadoria de Saúde":"LESTE","Distrito Sanitário":"NORDESTE","CNES":"2264897.0","Vínculo":"HDP","Endereço":"Rua José Luís Martins Costa, 200 - Lot. W Fontoura - Bairro Mário Quintana","Telefones":"(51) 3289-5631 (WhatsApp) / 3289-5630 / 3366-2014","Horário de Atendimento":"De segunda à sexta das 08h às 17h.","Saúde Bucal":"Unidade com Atendimento Odontológico","Hospital de Referência para Obstetria:":"CONCEIÇÃO","Longitude":"-51.0995393","Latitude":"-30.0247363"}}]}